id,species,locyr,tl,wt,scale_1,scale_2,scale_3,otolith_1,otolith_2,otolith_3
4000,LMB,Hargus_2013,188,62,2,2,2,2,2,2
4001,LMB,Hargus_2013,443,1466,7,5,5,6,6,6
4002,LMB,Hargus_2013,363,548,6,4,5,8,8,8
4003,LMB,Hargus_2013,370,562,8,4,5,7,7,8
4004,LMB,Hargus_2013,250,160,3,2,2,2,2,2
4005,LMB,Hargus_2013,274,226,3,3,3,4,3,4
4006,LMB,Hargus_2013,386,782,6,5,5,6,6,6
4007,LMB,Hargus_2013,443,1200,9,6,6,6,6,6
4008,LMB,Hargus_2013,388,712,4,4,2,8,8,8
4009,LMB,Hargus_2013,272,208,3,2,2,3,3,3
4010,LMB,Hargus_2013,256,198,2,3,3,3,2,2
4011,LMB,Hargus_2013,189,68,1,1,1,2,2,2
4012,LMB,Hargus_2013,396,874,6,3,4,8,8,8
4013,LMB,Hargus_2013,259,192,3,3,3,2,3,3
4014,LMB,Hargus_2013,338,468,3,3,5,6,7,6
4015,LMB,Hargus_2013,515,2242,10,5,8,9,9,9
4016,LMB,Hargus_2013,483,1542,9,11,8,9,9,9
4017,LMB,Hargus_2013,338,488,3,3,4,5,5,5
4018,LMB,Hargus_2013,332,472,3,4,5,4,4,4
4019,LMB,Hargus_2013,391,838,6,5,4,8,8,8
4020,LMB,Hargus_2013,342,500,4,6,4,5,5,5
4021,LMB,Hargus_2013,463,NA,8,9,9,11,11,11
4022,LMB,Hargus_2013,176,56,1,2,2,2,2,2
4023,LMB,Hargus_2013,148,36,1,2,1,1,1,1
4024,LMB,Hargus_2013,358,572,3,4,5,6,6,6
4025,LMB,Hargus_2013,412,972,6,8,7,6,6,6
4026,LMB,Hargus_2013,354,564,4,4,4,5,5,5
4027,LMB,Hargus_2013,82,2,1,1,1,1,1,1
4028,LMB,Hargus_2013,412,762,6,NA,10,6,6,6
4029,LMB,Hargus_2013,186,72,2,2,3,2,2,2
4030,LMB,Hargus_2013,175,60,2,2,2,2,2,2
4031,LMB,Hargus_2013,557,2314,10,9,11,11,11,11
4032,LMB,Hargus_2013,169,56,2,2,2,2,2,2
4033,LMB,Hargus_2013,144,30,1,1,2,1,1,1
4034,LMB,Hargus_2013,98,12,1,1,1,1,1,1
4035,LMB,Hargus_2013,93,6,1,1,2,1,1,1
4036,LMB,Hargus_2013,142,30,1,1,2,1,1,1
4050,LMB,Hargus_2013,274,190,3,3,4,3,3,3
4051,LMB,Hargus_2013,431,1212,8,5,5,8,8,8
4053,LMB,Hargus_2013,436,1130,9,NA,5,11,11,11
4054,LMB,Hargus_2013,198,86,2,2,2,2,2,2
4055,LMB,Hargus_2013,247,140,2,2,2,2,2,2
4056,LMB,Hargus_2013,194,70,2,3,2,2,2,2
4057,LMB,Hargus_2013,302,314,4,4,3,4,4,4
4058,LMB,Hargus_2013,82,4,1,1,1,1,1,1
4059,LMB,Hargus_2013,364,592,5,6,5,6,6,6
4060,LMB,Hargus_2013,265,200,3,3,3,3,3,3
4061,LMB,Hargus_2013,239,118,2,3,2,3,3,3
4062,LMB,Hargus_2013,247,138,2,2,2,2,2,2
4063,LMB,Hargus_2013,172,50,2,2,2,2,2,2
4064,LMB,Hargus_2013,340,403,4,2,2,4,4,4
4065,LMB,Hargus_2013,384,678,7,4,3,6,6,6
4066,LMB,Hargus_2013,262,164,2,2,2,2,2,2
4067,LMB,Hargus_2013,241,136,2,2,2,2,2,2
4068,LMB,Hargus_2013,371,534,5,4,3,8,8,8
4069,LMB,Hargus_2013,305,322,3,3,2,4,4,4
4070,LMB,Hargus_2013,281,198,3,3,2,3,3,3
4071,LMB,Hargus_2013,283,266,4,3,3,6,6,6
4072,LMB,Hargus_2013,216,106,2,2,2,2,2,2
4073,LMB,Hargus_2013,219,104,2,2,2,NA,2,2
4074,LMB,Hargus_2013,311,322,4,3,3,5,5,4
4100,LMB,Hargus_2013,351,472,4,3,3,8,8,8
4101,LMB,Hargus_2013,197,84,2,2,2,2,2,2
4102,LMB,Hargus_2013,393,764,7,6,3,8,8,8
4103,LMB,Hargus_2013,292,256,3,3,3,3,3,2
4105,LMB,Hargus_2013,295,300,3,2,3,4,4,4
4106,LMB,Hargus_2013,281,450,3,2,2,4,4,4
4107,LMB,Hargus_2013,370,632,5,3,5,7,7,7
4108,LMB,Hargus_2013,215,100,2,2,2,2,2,2
4109,LMB,Hargus_2013,205,82,2,2,2,2,2,2
4110,LMB,Hargus_2013,321,344,3,4,3,7,7,7
4111,LMB,Hargus_2013,294,276,4,4,4,5,5,5
4112,LMB,Hargus_2013,209,86,3,2,2,2,2,2
4113,LMB,Hargus_2013,230,264,3,3,2,3,3,3
4114,LMB,Hargus_2013,304,312,4,2,3,4,4,4
4115,LMB,Hargus_2013,220,118,2,2,2,2,2,2
4116,LMB,Hargus_2013,344,440,4,5,4,6,6,6
4117,LMB,Hargus_2013,262,168,3,3,3,3,4,3
4118,LMB,Hargus_2013,228,276,3,3,3,3,3,3
4120,LMB,Hargus_2013,327,422,4,4,4,5,5,5
4121,LMB,Hargus_2013,209,88,2,2,2,2,2,2
4122,LMB,Hargus_2013,415,948,8,5,5,8,8,8
4123,LMB,Hargus_2013,316,360,4,3,5,3,4,4
4124,LMB,Hargus_2013,310,366,3,3,3,4,4,4
1001,LMB,Hargus_2014,271,201,3,3,3,3,3,3
1002,LMB,Hargus_2014,208,102,2,2,2,2,2,2
1003,LMB,Hargus_2014,487,1718,10,9,9,10,9,9
1004,LMB,Hargus_2014,288,264,4,4,3,4,3,2
1005,LMB,Hargus_2014,278,233,3,4,3,3,3,3
1006,LMB,Hargus_2014,240,149,2,3,2,2,2,2
1007,LMB,Hargus_2014,223,132,3,3,2,3,2,2
1008,LMB,Hargus_2014,411,884,9,10,10,9,9,9
1009,LMB,Hargus_2014,343,397,5,4,3,5,5,5
1010,LMB,Hargus_2014,347,439,4,4,4,4,5,5
1011,LMB,Hargus_2014,268,242,3,3,2,3,2,2
1012,LMB,Hargus_2014,288,263,4,4,3,4,3,3
1013,LMB,Hargus_2014,317,383,5,4,4,5,5,5
1014,LMB,Hargus_2014,140,29,1,1,1,1,1,1
1015,LMB,Hargus_2014,143,32,1,1,1,1,1,1
1016,LMB,Hargus_2014,140,29,1,1,1,1,1,1
1017,LMB,Hargus_2014,153,37,1,1,1,1,NA,NA
1018,LMB,Hargus_2014,167,50,1,1,1,1,1,1
1019,LMB,Hargus_2014,125,20,1,1,1,1,1,1
1020,LMB,Hargus_2014,342,503,7,7,4,7,5,5
1021,LMB,Hargus_2014,316,369,5,4,5,5,3,3
1022,LMB,Hargus_2014,393,801,7,9,8,7,9,9
1023,LMB,Hargus_2014,297,267,3,3,5,3,3,3
1024,LMB,Hargus_2014,214,108,2,2,2,2,2,2
1025,LMB,Hargus_2014,177,59,1,2,1,1,1,1
1026,LMB,Hargus_2014,386,783,5,8,9,5,7,7
1027,LMB,Hargus_2014,178,50,1,2,1,1,1,1
1028,LMB,Hargus_2014,254,203,2,3,2,2,2,2
1029,LMB,Hargus_2014,405,878,6,6,7,6,7,7
1030,LMB,Hargus_2014,184,74,1,2,1,1,1,1
1031,LMB,Hargus_2014,442,1075,9,11,9,9,9,9
1032,LMB,Hargus_2014,484,1767,8,9,9,8,7,7
1033,LMB,Hargus_2014,485,1491,7,10,7,7,10,10
1034,LMB,Hargus_2014,368,657,6,8,5,6,5,5
1035,LMB,Hargus_2014,453,1453,7,11,8,7,9,9
1036,LMB,Hargus_2014,521,2162,6,9,10,6,11,11
1037,LMB,Hargus_2014,439,1199,7,8,8,7,7,7
1038,LMB,Hargus_2014,136,27,1,1,1,1,1,1
1040,LMB,Hargus_2014,523,2253,8,10,8,8,12,12
1041,LMB,Hargus_2014,362,618,4,5,5,4,6,6
1042,LMB,Hargus_2014,185,65,1,2,1,1,1,1
1043,LMB,Hargus_2014,193,67,2,2,2,2,2,2
1044,LMB,Hargus_2014,181,59,1,2,1,1,1,1
1050,LMB,Hargus_2014,238,144,2,3,2,2,2,2
1051,LMB,Hargus_2014,393,905,5,5,5,5,5,5
1052,LMB,Hargus_2014,232,138,2,2,2,2,2,2
1053,LMB,Hargus_2014,163,36,1,2,1,1,1,1
1054,LMB,Hargus_2014,498,1918,10,10,10,10,9,9
1055,LMB,Hargus_2014,300,NA,3,5,3,3,3,3
1056,LMB,Hargus_2014,335,NA,2,3,2,2,2,2
1057,LMB,Hargus_2014,217,108,2,3,2,2,2,2
1058,LMB,Hargus_2014,309,287,5,4,4,5,4,4
1059,LMB,Hargus_2014,248,149,2,3,2,2,2,2
1060,LMB,Hargus_2014,329,395,4,5,6,4,4,4
1061,LMB,Hargus_2014,363,702,5,7,6,5,7,7
1062,LMB,Hargus_2014,375,695,4,5,5,4,6,6
1063,LMB,Hargus_2014,245,176,2,3,2,2,2,2
1064,LMB,Hargus_2014,267,171,3,3,3,3,3,3
1065,LMB,Hargus_2014,373,668,4,6,5,4,5,5
1066,LMB,Hargus_2014,501,1850,8,8,9,8,10,10
1067,LMB,Hargus_2014,260,211,2,3,2,2,2,2
1068,LMB,Hargus_2014,252,189,3,3,2,3,2,3
1069,LMB,Hargus_2014,127,23,1,1,1,1,1,1
1070,LMB,Hargus_2014,170,49,1,1,1,1,1,1
1071,LMB,Hargus_2014,354,506,4,5,5,4,5,5
1072,LMB,Hargus_2014,375,576,5,6,7,5,6,6
1073,LMB,Hargus_2014,414,950,5,7,5,5,5,5
1074,LMB,Hargus_2014,385,923,4,7,6,4,5,NA
1076,LMB,Hargus_2014,328,372,3,4,5,3,5,5
1077,LMB,Hargus_2014,278,251,3,3,4,3,2,3
1078,LMB,Hargus_2014,285,274,4,3,4,4,5,5
1079,LMB,Hargus_2014,158,37,1,1,1,1,1,1
1080,LMB,Hargus_2014,151,35,1,1,1,1,1,1
1081,LMB,Hargus_2014,226,132,2,3,2,2,2,2
1082,LMB,Hargus_2014,291,302,3,4,3,3,3,3
1083,LMB,Hargus_2014,219,100,2,3,2,2,2,2
1084,LMB,Hargus_2014,320,374,5,5,4,5,7,7
1085,LMB,Hargus_2014,122,21,1,1,1,1,1,1
1086,LMB,Hargus_2014,314,374,3,4,6,3,3,3
1087,LMB,Hargus_2014,335,448,4,5,6,4,5,5
1088,LMB,Hargus_2014,302,279,3,3,4,3,5,5
1089,LMB,Hargus_2014,226,134,2,3,2,2,2,2
1090,LMB,Hargus_2014,291,243,4,4,5,4,3,3
1091,LMB,Hargus_2014,205,94,2,2,2,2,2,2
1092,LMB,Hargus_2014,333,371,5,5,6,5,5,5
1093,LMB,Hargus_2014,160,45,1,1,1,1,1,1
1094,LMB,Hargus_2014,135,22,1,1,1,1,1,1
1095,LMB,Hargus_2014,383,726,7,6,5,7,7,7
1096,LMB,Hargus_2014,470,1433,9,11,10,9,9,9
1097,LMB,Hargus_2014,382,740,4,4,6,4,5,5
1098,LMB,Hargus_2014,337,455,5,5,5,5,4,4
1099,LMB,Hargus_2014,356,NA,NA,7,5,5,10,10
1046,LMB,Kiser_2014,334,449,5,4,6,5,5,5
1048,LMB,Kiser_2014,371,650,6,5,8,7,7,7
1049,LMB,Kiser_2014,336,468,4,4,6,5,5,5
1100,LMB,Kiser_2014,342,492,7,4,7,7,7,7
1101,LMB,Kiser_2014,337,474,4,4,6,4,5,5
1102,LMB,Kiser_2014,357,538,6,5,8,8,8,8
1103,LMB,Kiser_2014,413,991,8,5,12,8,8,8
1104,LMB,Kiser_2014,290,320,3,3,4,3,3,3
1105,LMB,Kiser_2014,308,397,5,4,4,4,4,4
1106,LMB,Kiser_2014,293,316,3,3,4,3,3,3
1107,LMB,Kiser_2014,308,352,4,4,4,4,4,4
1108,LMB,Kiser_2014,325,425,6,4,8,6,6,6
1109,LMB,Kiser_2014,322,411,3,3,5,4,4,4
1110,LMB,Kiser_2014,287,272,3,3,3,3,3,3
1111,LMB,Kiser_2014,312,401,4,4,6,4,4,4
1112,LMB,Kiser_2014,322,401,4,4,4,4,4,4
1113,LMB,Kiser_2014,473,1351,12,8,10,11,11,11
1114,LMB,Kiser_2014,365,700,5,6,6,6,6,6
1115,LMB,Kiser_2014,305,388,3,2,4,5,5,5
1116,LMB,Kiser_2014,372,579,5,5,7,8,8,8
1117,LMB,Kiser_2014,490,1633,8,9,11,10,10,10
1118,LMB,Kiser_2014,395,754,NA,NA,NA,8,8,8
1119,LMB,Kiser_2014,360,583,6,5,5,8,8,8
1120,LMB,Kiser_2014,342,477,4,5,6,5,5,5
1121,LMB,Kiser_2014,150,45,1,1,1,1,1,1
1122,LMB,Kiser_2014,274,242,3,3,5,4,4,4
1123,LMB,Kiser_2014,353,415,5,5,8,8,8,8
1124,LMB,Kiser_2014,311,340,3,3,4,3,3,3
1125,LMB,Kiser_2014,262,210,2,2,2,2,2,2
1126,LMB,Kiser_2014,386,292,3,3,3,3,3,3
1127,LMB,Kiser_2014,269,274,4,3,3,3,3,3
1128,LMB,Kiser_2014,313,381,4,3,4,4,4,4
1129,LMB,Kiser_2014,283,297,4,3,3,3,3,3
1130,LMB,Kiser_2014,250,178,2,2,2,2,2,2
1131,LMB,Kiser_2014,128,20,1,1,1,1,1,1
1132,LMB,Kiser_2014,241,162,3,3,2,2,2,2
1133,LMB,Kiser_2014,203,86,3,2,3,2,2,2
1134,LMB,Kiser_2014,231,126,2,2,3,2,2,2
1135,LMB,Kiser_2014,372,727,8,7,6,7,7,7
1136,LMB,Kiser_2014,299,381,4,4,4,4,5,4
1137,LMB,Kiser_2014,222,132,3,3,3,2,2,2
1138,LMB,Kiser_2014,228,124,2,2,2,2,2,2
1139,LMB,Kiser_2014,223,115,2,2,2,2,2,2
1140,LMB,Kiser_2014,256,191,3,3,3,3,3,3
1141,LMB,Kiser_2014,383,845,10,6,6,8,8,8
1142,LMB,Kiser_2014,230,145,2,2,2,2,2,2
1143,LMB,Kiser_2014,353,597,8,6,5,4,4,4
1144,LMB,Kiser_2014,233,143,3,2,2,3,3,3
1145,LMB,Kiser_2014,268,241,3,2,2,2,2,2
1146,LMB,Kiser_2014,272,253,3,3,3,3,3,3
1147,LMB,Kiser_2014,250,182,2,2,2,2,2,2
1148,LMB,Kiser_2014,238,151,2,2,3,2,2,2
1149,LMB,Kiser_2014,289,654,9,6,8,8,8,8
1250,LMB,Kiser_2014,245,173,2,3,2,2,2,2
1251,LMB,Kiser_2014,240,142,2,2,2,2,2,2
1252,LMB,Kiser_2014,275,265,2,2,3,2,2,2
1253,LMB,Kiser_2014,524,2504,14,10,13,14,14,14
1254,LMB,Kiser_2014,136,28,1,1,1,1,1,1
1255,LMB,Kiser_2014,126,22,1,1,1,1,1,1
1257,LMB,Kiser_2014,109,9,1,1,1,1,1,1
1259,LMB,Kiser_2014,487,1787,11,8,11,12,12,12
1260,LMB,Kiser_2014,416,985,7,7,8,8,8,8
1261,LMB,Kiser_2014,398,733,7,6,8,7,7,9
1263,LMB,Kiser_2014,217,108,2,2,2,2,2,2
2000,LMB,Oxbow_2013,424,1144,7,9,6,6,6,6
2001,LMB,Oxbow_2013,342,508,6,7,7,7,7,7
2002,LMB,Oxbow_2013,402,880,7,8,9,9,9,10
2003,LMB,Oxbow_2013,425,1151,8,6,8,8,8,7
2004,LMB,Oxbow_2013,300,348,4,5,4,4,4,5
2005,LMB,Oxbow_2013,330,413,5,6,7,7,7,6
2006,LMB,Oxbow_2013,410,990,7,7,7,7,7,6
2007,LMB,Oxbow_2013,364,660,6,6,7,7,6,5
2008,LMB,Oxbow_2013,205,102,2,2,2,2,2,2
2009,LMB,Oxbow_2013,400,842,7,8,7,7,7,8
2010,LMB,Oxbow_2013,358,682,7,7,8,8,8,7
2011,LMB,Oxbow_2013,348,493,6,6,7,7,7,5
2012,LMB,Oxbow_2013,318,440,7,6,11,11,10,5
2013,LMB,Oxbow_2013,334,476,7,5,7,8,7,6
2014,LMB,Oxbow_2013,317,420,5,4,6,6,6,4
2015,LMB,Oxbow_2013,366,606,5,5,7,7,7,5
2016,LMB,Oxbow_2013,322,432,5,4,6,6,5,6
2017,LMB,Oxbow_2013,404,930,7,6,7,9,9,6
2018,LMB,Oxbow_2013,348,560,7,6,8,8,7,6
2019,LMB,Oxbow_2013,315,408,3,4,4,4,4,4
2020,LMB,Oxbow_2013,335,490,5,5,3,6,6,5
2021,LMB,Oxbow_2013,291,314,7,6,8,8,7,4
2022,LMB,Oxbow_2013,366,674,5,5,8,8,8,5
2023,LMB,Oxbow_2013,270,256,5,4,5,5,4,5
2024,LMB,Oxbow_2013,328,445,5,5,6,6,6,7
2025,LMB,Oxbow_2013,287,314,4,6,3,4,3,3
2026,LMB,Oxbow_2013,374,713,5,6,8,8,8,10
2027,LMB,Oxbow_2013,357,594,5,5,5,5,5,5
2028,LMB,Oxbow_2013,256,188,2,3,3,3,3,3
2029,LMB,Oxbow_2013,245,189,3,5,3,3,3,6
2030,LMB,Oxbow_2013,248,183,3,3,3,3,3,3
2031,LMB,Oxbow_2013,297,379,4,4,4,4,4,6
2032,LMB,Oxbow_2013,320,454,8,8,11,12,11,6
2033,LMB,Oxbow_2013,230,124,3,3,3,3,3,3
2034,LMB,Oxbow_2013,383,724,6,7,7,6,6,8
2035,LMB,Oxbow_2013,245,187,4,4,3,4,4,4
2036,LMB,Oxbow_2013,350,530,5,6,6,6,5,6
2037,LMB,Oxbow_2013,295,360,5,6,4,4,4,7
2038,LMB,Oxbow_2013,387,657,6,5,6,6,5,6
2039,LMB,Oxbow_2013,270,270,3,5,3,3,3,4
2040,LMB,Oxbow_2013,259,220,4,5,3,3,3,6
2041,LMB,Oxbow_2013,372,653,6,7,7,7,7,8
2042,LMB,Oxbow_2013,255,202,3,3,3,3,3,4
2043,LMB,Oxbow_2013,227,142,2,2,2,2,2,3
2044,LMB,Oxbow_2013,473,1543,7,8,7,7,7,10
2045,LMB,Oxbow_2013,306,395,5,5,8,8,8,8
2046,LMB,Oxbow_2013,410,996,7,7,6,6,6,6
2047,LMB,Oxbow_2013,195,86,2,2,2,2,2,3
2048,LMB,Oxbow_2013,187,81,2,2,2,2,2,3
2049,LMB,Oxbow_2013,375,708,6,8,8,8,8,8
2050,LMB,Oxbow_2013,420,1008,8,7,7,7,7,6
2051,LMB,Oxbow_2013,266,237,3,4,3,3,3,5
2052,LMB,Oxbow_2013,380,662,7,6,8,8,7,6
2054,LMB,Oxbow_2013,375,657,6,5,8,7,6,6
2055,LMB,Oxbow_2013,392,811,7,6,7,7,7,6
2056,LMB,Oxbow_2013,120,21,1,1,1,1,1,1
2057,LMB,Oxbow_2013,169,59,2,2,2,2,2,1
2058,LMB,Oxbow_2013,396,865,8,8,8,8,8,7
2059,LMB,Oxbow_2013,466,1368,8,8,8,8,8,8
2060,LMB,Oxbow_2013,433,1123,6,7,7,8,8,8
2061,LMB,Oxbow_2013,394,859,7,7,7,7,7,7
2062,LMB,Oxbow_2013,288,292,4,4,3,3,4,5
2063,LMB,Oxbow_2013,432,1027,8,9,8,8,8,9
2064,LMB,Oxbow_2013,410,1058,8,8,12,12,12,12
2065,LMB,Oxbow_2013,218,131,4,3,3,3,3,4
2066,LMB,Oxbow_2013,263,207,4,4,4,4,4,6
2067,LMB,Oxbow_2013,230,178,3,5,3,3,3,6
2068,LMB,Oxbow_2013,200,97,3,3,2,2,3,3
2069,LMB,Oxbow_2013,193,79,2,2,2,2,2,2
2070,LMB,Oxbow_2013,442,1329,10,10,12,12,12,12
2071,LMB,Oxbow_2013,495,1807,11,10,12,12,12,12
2072,LMB,Oxbow_2013,215,111,3,3,3,3,3,3
2073,LMB,Oxbow_2013,120,19,1,1,1,1,1,1
2074,LMB,Oxbow_2013,220,107,3,4,3,3,3,4
2300,LMB,Pleasant Hill_2013,290,302,2,2,5,2,2,2
2301,LMB,Pleasant Hill_2013,281,288,3,2,6,3,3,3
2302,LMB,Pleasant Hill_2013,324,426,4,3,4,3,3,3
2303,LMB,Pleasant Hill_2013,307,366,2,2,3,3,3,3
2304,LMB,Pleasant Hill_2013,253,203,2,1,3,2,2,2
2305,LMB,Pleasant Hill_2013,178,65,1,1,2,1,1,1
2307,LMB,Pleasant Hill_2013,320,402,3,3,4,3,3,3
2308,LMB,Pleasant Hill_2013,126,20,1,1,1,1,1,1
2309,LMB,Pleasant Hill_2013,235,143,3,2,4,2,2,2
2310,LMB,Pleasant Hill_2013,281,237,4,3,4,3,3,3
2311,LMB,Pleasant Hill_2013,347,486,3,3,4,3,3,3
2313,LMB,Pleasant Hill_2013,430,1093,7,6,7,8,8,8
2314,LMB,Pleasant Hill_2013,386,229,2,2,4,2,2,2
2316,LMB,Pleasant Hill_2013,332,479,3,3,5,3,3,3
2317,LMB,Pleasant Hill_2013,424,1135,6,6,9,6,6,6
2318,LMB,Pleasant Hill_2013,390,833,7,6,9,6,6,6
2320,LMB,Pleasant Hill_2013,374,864,4,4,6,4,4,4
2321,LMB,Pleasant Hill_2013,432,1243,7,5,7,6,6,6
2323,LMB,Pleasant Hill_2013,370,701,6,5,6,6,6,6
2324,LMB,Pleasant Hill_2013,393,814,4,5,6,5,5,5
2325,LMB,Pleasant Hill_2013,427,1043,5,6,7,8,8,8
2326,LMB,Pleasant Hill_2013,381,690,4,5,6,4,4,3
2327,LMB,Pleasant Hill_2013,241,170,2,1,4,2,2,2
2328,LMB,Pleasant Hill_2013,262,195,2,1,4,2,2,2
2329,LMB,Pleasant Hill_2013,303,334,4,3,5,3,3,3
2330,LMB,Pleasant Hill_2013,464,1484,6,7,15,7,7,7
2331,LMB,Pleasant Hill_2013,435,1228,5,8,10,8,8,8
2332,LMB,Pleasant Hill_2013,224,138,2,1,4,2,2,2
2333,LMB,Pleasant Hill_2013,268,209,2,2,2,2,2,2
2334,LMB,Pleasant Hill_2013,184,57,1,1,2,1,1,1
2335,LMB,Pleasant Hill_2013,262,210,2,2,3,2,2,2
2336,LMB,Pleasant Hill_2013,170,50,1,1,1,1,1,1
2337,LMB,Pleasant Hill_2013,408,911,4,5,10,6,6,7
2338,LMB,Pleasant Hill_2013,368,780,5,6,8,6,6,7
2339,LMB,Pleasant Hill_2013,353,582,5,5,6,5,5,5
2340,LMB,Pleasant Hill_2013,312,357,3,2,4,3,3,3
2341,LMB,Pleasant Hill_2013,140,30,1,1,1,1,1,1
2403,LMB,Pleasant Hill_2013,497,2010,9,8,9,8,9,8
2404,LMB,Pleasant Hill_2013,400,887,5,6,8,6,6,6
2405,LMB,Pleasant Hill_2013,396,898,5,5,6,5,5,5
2406,LMB,Pleasant Hill_2013,316,425,3,4,3,3,3,3
2407,LMB,Pleasant Hill_2013,457,1332,5,6,9,8,8,8
2408,LMB,Pleasant Hill_2013,300,352,3,2,4,3,3,3
2409,LMB,Pleasant Hill_2013,365,674,7,6,8,6,6,6
2410,LMB,Pleasant Hill_2013,419,966,6,7,5,6,6,6
2411,LMB,Pleasant Hill_2013,370,804,3,3,4,3,3,3
2412,LMB,Pleasant Hill_2013,273,227,NA,NA,2,2,2,2
2413,LMB,Pleasant Hill_2013,330,404,4,3,4,3,3,3
2414,LMB,Pleasant Hill_2013,287,308,6,2,6,4,4,5
2415,LMB,Pleasant Hill_2013,258,210,2,1,4,2,2,2
2416,LMB,Pleasant Hill_2013,258,203,2,2,3,2,2,2
2417,LMB,Pleasant Hill_2013,212,103,3,1,2,2,3,3
2419,LMB,Pleasant Hill_2013,241,152,2,1,2,2,2,2
2420,LMB,Pleasant Hill_2013,164,47,1,1,2,1,1,1
2422,LMB,Pleasant Hill_2013,135,24,1,1,1,1,1,1
2423,LMB,Pleasant Hill_2013,181,69,NA,1,2,2,2,2
2424,LMB,Pleasant Hill_2013,173,57,1,1,2,1,1,1
2425,LMB,Pleasant Hill_2013,231,149,3,2,4,2,2,2
2426,LMB,Pleasant Hill_2013,162,44,1,1,1,1,1,1
2427,LMB,Pleasant Hill_2013,141,28,1,1,1,1,1,1
2428,LMB,Pleasant Hill_2013,410,1040,6,8,8,6,6,6
2429,LMB,Pleasant Hill_2013,398,907,7,7,6,6,6,6
2430,LMB,Pleasant Hill_2013,411,986,5,6,4,6,6,6
2431,LMB,Pleasant Hill_2013,400,850,6,6,6,6,6,7
2432,LMB,Pleasant Hill_2013,453,1320,10,8,12,7,7,7
2433,LMB,Pleasant Hill_2013,321,419,3,3,4,3,3,3
2434,LMB,Pleasant Hill_2013,347,546,4,3,5,3,3,3
2435,LMB,Pleasant Hill_2013,342,465,5,4,5,3,3,3
2436,LMB,Pleasant Hill_2013,347,580,5,4,6,3,3,3
2437,LMB,Pleasant Hill_2013,248,164,3,2,3,2,2,2
2438,LMB,Pleasant Hill_2013,450,1287,7,7,8,7,7,7
2439,LMB,Pleasant Hill_2013,368,679,5,4,5,4,4,4
2440,LMB,Pleasant Hill_2013,291,299,4,3,5,2,2,2
2441,LMB,Pleasant Hill_2013,226,129,3,1,4,2,2,2
2442,LMB,Pleasant Hill_2013,268,216,4,2,3,2,2,2
2443,LMB,Pleasant Hill_2013,267,229,3,2,4,2,2,2
2444,LMB,Pleasant Hill_2013,266,229,4,2,4,2,2,2
2445,LMB,Pleasant Hill_2013,311,377,4,3,5,3,3,3
2446,LMB,Pleasant Hill_2013,276,238,2,2,3,2,2,2
2447,LMB,Pleasant Hill_2013,273,250,NA,2,4,2,2,2
2448,LMB,Pleasant Hill_2013,444,1460,12,8,11,8,8,8
2449,LMB,Pleasant Hill_2013,316,397,NA,4,7,3,3,3
2450,LMB,Pleasant Hill_2013,353,658,9,3,8,4,4,4
2451,LMB,Pleasant Hill_2013,208,102,4,1,3,2,2,2
2452,LMB,Pleasant Hill_2013,368,804,NA,5,8,5,5,5
2454,LMB,Pleasant Hill_2013,154,36,1,1,2,1,1,1
2455,LMB,Pleasant Hill_2013,425,979,9,7,10,6,6,6
2456,LMB,Pleasant Hill_2013,151,36,1,1,2,1,1,1
2457,LMB,Pleasant Hill_2013,389,765,7,6,9,6,6,6
2075,LMB,Pleasant Hill_2014,439,1026,8,NA,7,7,7,7
2076,LMB,Pleasant Hill_2014,333,451,5,4,5,5,5,5
2077,LMB,Pleasant Hill_2014,264,245,2,2,2,2,2,2
2078,LMB,Pleasant Hill_2014,228,128,2,2,2,2,2,2
2079,LMB,Pleasant Hill_2014,236,155,3,2,2,2,2,2
2080,LMB,Pleasant Hill_2014,384,755,6,6,6,6,6,5
2081,LMB,Pleasant Hill_2014,262,193,2,3,2,2,2,2
2082,LMB,Pleasant Hill_2014,252,179,2,2,2,2,2,2
2083,LMB,Pleasant Hill_2014,305,320,2,3,2,3,3,3
2084,LMB,Pleasant Hill_2014,271,263,2,3,2,2,2,2
2085,LMB,Pleasant Hill_2014,306,392,4,4,3,4,4,3
2086,LMB,Pleasant Hill_2014,325,478,3,3,4,3,3,3
2087,LMB,Pleasant Hill_2014,285,292,2,4,3,2,2,2
2088,LMB,Pleasant Hill_2014,350,539,4,4,4,4,4,4
2089,LMB,Pleasant Hill_2014,246,173,2,2,2,2,2,2
2090,LMB,Pleasant Hill_2014,341,522,5,4,3,4,4,4
2091,LMB,Pleasant Hill_2014,363,643,NA,NA,4,4,4,3
2092,LMB,Pleasant Hill_2014,425,1267,6,6,7,6,6,5
2094,LMB,Pleasant Hill_2014,415,1087,6,6,6,8,8,7
2095,LMB,Pleasant Hill_2014,348,555,5,5,3,4,4,4
2096,LMB,Pleasant Hill_2014,317,402,4,3,3,3,3,3
2098,LMB,Pleasant Hill_2014,403,965,5,5,7,6,6,6
2103,LMB,Pleasant Hill_2014,351,578,4,4,4,4,4,4
2105,LMB,Pleasant Hill_2014,331,479,7,5,3,4,4,3
2106,LMB,Pleasant Hill_2014,338,518,3,4,3,3,3,3
2110,LMB,Pleasant Hill_2014,298,341,3,3,3,3,3,3
2111,LMB,Pleasant Hill_2014,234,143,2,2,2,2,2,2
2112,LMB,Pleasant Hill_2014,236,147,2,2,2,2,2,2
2113,LMB,Pleasant Hill_2014,241,154,2,2,2,2,2,2
2116,LMB,Pleasant Hill_2014,293,311,3,4,2,2,2,2
2119,LMB,Pleasant Hill_2014,474,1563,10,7,7,8,8,8
2120,LMB,Pleasant Hill_2014,343,506,5,NA,4,4,4,3
2126,LMB,Pleasant Hill_2014,437,1275,8,5,6,7,7,7
2128,LMB,Pleasant Hill_2014,417,1105,9,7,5,7,7,7
2493,LMB,Pleasant Hill_2014,250,190,2,2,2,2,2,2
2494,LMB,Pleasant Hill_2014,396,812,6,6,6,7,7,7
2495,LMB,Pleasant Hill_2014,328,476,3,3,2,3,3,3
2496,LMB,Pleasant Hill_2014,384,729,5,5,4,4,4,4
2497,LMB,Pleasant Hill_2014,439,1229,8,7,8,10,10,9
2499,LMB,Pleasant Hill_2014,479,1533,8,8,7,9,9,8
2500,LMB,Pleasant Hill_2014,156,40,2,1,2,2,2,2
2501,LMB,Pleasant Hill_2014,360,602,5,5,3,NA,NA,NA
2503,LMB,Pleasant Hill_2014,150,32,1,1,1,1,1,2
2504,LMB,Pleasant Hill_2014,390,978,9,7,7,7,6,6
2505,LMB,Pleasant Hill_2014,166,43,1,1,2,1,1,1
2506,LMB,Pleasant Hill_2014,361,575,5,4,4,5,5,3
2510,LMB,Pleasant Hill_2014,451,1327,9,6,6,7,7,6
2512,LMB,Pleasant Hill_2014,212,129,2,2,2,2,2,2
2513,LMB,Pleasant Hill_2014,241,187,2,2,2,NA,NA,NA
2514,LMB,Pleasant Hill_2014,146,29,1,1,1,1,1,1
2515,LMB,Pleasant Hill_2014,147,37,1,1,1,1,1,1
2516,LMB,Pleasant Hill_2014,151,41,1,1,1,1,1,1
2517,LMB,Pleasant Hill_2014,417,1125,5,6,5,5,5,5
2518,LMB,Pleasant Hill_2014,421,1125,7,7,7,7,7,7
2519,LMB,Pleasant Hill_2014,315,431,3,4,4,3,3,3
2524,LMB,Pleasant Hill_2014,463,1602,7,6,7,9,9,7
2527,LMB,Pleasant Hill_2014,350,571,4,4,4,4,4,4
2528,LMB,Pleasant Hill_2014,148,26,1,1,1,1,1,2
2530,LMB,Pleasant Hill_2014,452,1306,8,6,6,7,7,7
2532,LMB,Pleasant Hill_2014,243,164,2,NA,2,2,2,2
2533,LMB,Pleasant Hill_2014,260,193,2,3,2,2,2,2
2534,LMB,Pleasant Hill_2014,311,372,3,3,4,3,3,3
2536,LMB,Pleasant Hill_2014,351,491,8,5,4,NA,NA,NA
2538,LMB,Pleasant Hill_2014,288,313,3,3,2,3,3,3
2539,LMB,Pleasant Hill_2014,395,816,7,6,7,7,7,7
2540,LMB,Pleasant Hill_2014,275,276,3,3,4,2,2,2
2541,LMB,Pleasant Hill_2014,288,298,3,3,2,2,2,2
2542,LMB,Pleasant Hill_2014,327,449,3,4,3,3,3,3
2543,LMB,Pleasant Hill_2014,301,317,3,3,3,3,3,3
2544,LMB,Pleasant Hill_2014,425,1106,8,4,7,7,8,5
2545,LMB,Pleasant Hill_2014,315,420,3,3,3,NA,NA,NA
2547,LMB,Pleasant Hill_2014,273,248,2,3,2,2,2,2
2548,LMB,Pleasant Hill_2014,259,185,2,2,2,2,2,2
2549,LMB,Pleasant Hill_2014,382,654,6,5,4,7,7,7
2575,LMB,Pleasant Hill_2014,366,678,4,4,4,4,4,4
2576,LMB,Pleasant Hill_2014,160,48,1,1,1,1,1,2
3700,LMB,Findley_2014,164,51,2,2,2,2,2,2
3701,LMB,Findley_2014,210,89,2,2,2,2,2,2
3702,LMB,Findley_2014,275,203,3,4,2,3,3,3
3703,LMB,Findley_2014,205,90,2,2,2,2,2,2
3704,LMB,Findley_2014,200,79,2,2,2,3,2,2
3705,LMB,Findley_2014,358,687,5,6,4,3,4,4
3707,LMB,Findley_2014,352,672,6,8,4,4,4,4
3709,LMB,Findley_2014,265,181,2,2,3,3,4,4
3710,LMB,Findley_2014,242,155,1,1,2,2,2,2
3711,LMB,Findley_2014,370,734,7,7,5,5,5,5
3712,LMB,Findley_2014,283,259,3,4,3,4,5,4
3713,LMB,Findley_2014,252,167,3,2,2,3,4,4
3714,LMB,Findley_2014,195,83,2,2,2,3,2,2
3715,LMB,Findley_2014,297,320,3,5,3,4,5,4
3716,LMB,Findley_2014,202,82,2,1,2,2,2,2
3717,LMB,Findley_2014,308,367,3,5,4,3,3,3
3718,LMB,Findley_2014,180,61,2,1,3,2,2,2
3719,LMB,Findley_2014,170,52,2,1,2,2,2,2
3720,LMB,Findley_2014,297,272,3,4,3,4,4,4
3721,LMB,Findley_2014,212,99,2,2,2,2,2,2
3722,LMB,Findley_2014,334,526,6,7,4,4,4,4
3723,LMB,Findley_2014,317,367,5,6,4,3,4,4
3724,LMB,Findley_2014,193,74,2,2,2,2,2,2
3725,LMB,Findley_2014,175,52,1,1,2,2,2,2
3726,LMB,Findley_2014,177,53,1,1,2,2,2,2
3727,LMB,Findley_2014,268,221,2,3,3,3,3,3
3728,LMB,Findley_2014,316,383,4,6,4,4,4,4
3729,LMB,Findley_2014,317,415,5,5,3,5,6,5
3730,LMB,Findley_2014,290,289,2,NA,2,3,3,3
3731,LMB,Findley_2014,254,185,2,2,2,3,2,2
3732,LMB,Findley_2014,184,66,2,2,2,2,2,2
3733,LMB,Findley_2014,213,105,2,2,2,2,2,2
3734,LMB,Findley_2014,367,740,5,6,4,4,4,4
3736,LMB,Findley_2014,182,57,1,2,2,3,2,2
3251,LMB,Highlandtown_2013,260,191,2,2,2,2,2,NA
3252,LMB,Highlandtown_2013,272,253,2,2,3,2,2,2
3253,LMB,Highlandtown_2013,151,37,1,1,1,1,1,1
3254,LMB,Highlandtown_2013,387,709,4,4,7,6,7,8
3255,LMB,Highlandtown_2013,268,226,2,2,2,2,2,2
3256,LMB,Highlandtown_2013,251,188,2,2,2,2,2,2
3257,LMB,Highlandtown_2013,258,202,3,2,4,2,2,2
3258,LMB,Highlandtown_2013,299,305,3,2,3,2,2,3
3260,LMB,Highlandtown_2013,329,459,4,3,5,4,4,4
3261,LMB,Highlandtown_2013,312,389,3,3,6,4,4,3
3262,LMB,Highlandtown_2013,318,408,5,3,9,4,3,5
3263,LMB,Highlandtown_2013,101,11,1,1,1,1,1,1
3264,LMB,Highlandtown_2013,132,24,1,1,1,1,1,1
3265,LMB,Highlandtown_2013,309,348,2,3,5,2,2,3
3266,LMB,Highlandtown_2013,311,400,3,3,4,NA,3,3
3267,LMB,Highlandtown_2013,295,284,2,2,3,3,3,3
3268,LMB,Highlandtown_2013,285,288,2,3,3,3,4,3
3269,LMB,Highlandtown_2013,110,13,1,1,1,1,1,1
3270,LMB,Highlandtown_2013,360,572,5,5,4,7,3,8
3271,LMB,Highlandtown_2013,142,34,1,1,1,1,2,1
3272,LMB,Highlandtown_2013,111,12,1,1,1,1,1,1
3273,LMB,Highlandtown_2013,126,19,1,1,1,1,2,1
3274,LMB,Highlandtown_2013,336,494,6,4,10,3,4,4
3276,LMB,Highlandtown_2013,137,28,1,1,1,1,2,1
3277,LMB,Highlandtown_2013,358,627,4,3,8,3,3,4
3278,LMB,Highlandtown_2013,129,19,1,1,1,1,1,1
3279,LMB,Highlandtown_2013,136,30,1,1,1,1,2,1
3280,LMB,Highlandtown_2013,308,331,3,2,3,3,3,2
3281,LMB,Highlandtown_2013,267,222,2,2,3,2,2,3
3282,LMB,Highlandtown_2013,375,665,6,4,12,6,3,7
3283,LMB,Highlandtown_2013,258,223,2,2,3,3,3,3
3285,LMB,Highlandtown_2013,402,846,4,4,9,8,3,10
3286,LMB,Highlandtown_2013,395,877,4,5,7,5,4,6
3287,LMB,Highlandtown_2013,323,405,4,4,7,3,5,5
3289,LMB,Highlandtown_2013,341,467,6,4,13,3,4,4
3290,LMB,Highlandtown_2013,380,606,2,3,6,6,6,8
3292,LMB,Highlandtown_2013,359,664,4,4,6,4,5,5
3293,LMB,Highlandtown_2013,333,488,5,4,9,6,6,6
3294,LMB,Highlandtown_2013,335,538,4,3,8,3,6,4
3295,LMB,Highlandtown_2013,302,345,4,4,6,3,4,3
3296,LMB,Highlandtown_2013,150,37,1,1,2,1,2,1
3297,LMB,Highlandtown_2013,147,35,1,1,1,1,2,1
3298,LMB,Highlandtown_2013,113,15,1,1,1,1,2,1
3299,LMB,Highlandtown_2013,292,305,2,2,5,4,7,4
3300,LMB,Highlandtown_2013,544,2850,7,5,12,12,11,15
3301,LMB,Highlandtown_2013,324,373,3,4,7,4,5,4
3302,LMB,Highlandtown_2013,345,512,4,4,6,3,5,4
3303,LMB,Highlandtown_2013,288,284,3,3,7,3,7,5
3304,LMB,Highlandtown_2013,229,133,1,2,4,2,2,2
3305,LMB,Highlandtown_2013,366,628,4,3,6,4,3,5
3306,LMB,Highlandtown_2013,127,21,1,1,1,1,1,1
3307,LMB,Highlandtown_2013,236,158,2,2,3,2,2,2
3308,LMB,Highlandtown_2013,156,37,1,1,1,1,1,1
3310,LMB,Highlandtown_2013,365,604,4,4,7,4,4,5
3311,LMB,Highlandtown_2013,97,8,1,1,1,1,1,1
3312,LMB,Highlandtown_2013,206,110,1,2,3,2,2,2
3313,LMB,Highlandtown_2013,399,843,5,4,9,8,4,8
3314,LMB,Highlandtown_2013,248,202,2,2,3,2,2,2
3315,LMB,Highlandtown_2013,359,550,4,4,6,5,3,5
3316,LMB,Highlandtown_2013,100,6,1,1,1,1,1,1
3317,LMB,Highlandtown_2013,400,825,5,6,7,7,3,6
3318,LMB,Highlandtown_2013,405,862,7,5,7,5,5,6
3319,LMB,Highlandtown_2013,73,4,1,1,1,1,NA,NA
3320,LMB,Highlandtown_2013,223,125,1,1,2,2,2,2
3321,LMB,Highlandtown_2013,374,634,4,5,6,5,4,5
3323,LMB,Highlandtown_2013,386,766,3,5,5,7,5,8
3324,LMB,Highlandtown_2013,391,664,NA,NA,NA,8,4,8
3325,LMB,Highlandtown_2013,343,478,3,5,7,3,3,5
3326,LMB,Highlandtown_2013,276,276,2,3,6,2,2,2
3327,LMB,Highlandtown_2013,227,139,1,2,4,2,2,2
3328,LMB,Highlandtown_2013,286,318,2,3,3,3,3,3
3329,LMB,Highlandtown_2013,243,176,2,2,6,2,2,2
3332,LMB,Highlandtown_2013,108,12,1,1,1,1,1,1
3333,LMB,Highlandtown_2013,249,174,2,2,3,2,2,2
3334,LMB,Highlandtown_2013,274,255,2,2,4,2,2,2
3335,LMB,Highlandtown_2013,230,135,2,2,2,2,2,2
3336,LMB,Highlandtown_2013,239,159,2,2,3,2,2,2
3337,LMB,Highlandtown_2013,217,119,2,2,5,2,2,2
3338,LMB,Highlandtown_2013,237,150,2,2,2,2,2,2
3339,LMB,Highlandtown_2014,195,74,2,2,2,2,2,2
3340,LMB,Highlandtown_2014,223,115,2,2,2,1,2,2
3341,LMB,Highlandtown_2014,360,570,3,3,3,6,5,6
3342,LMB,Highlandtown_2014,303,357,4,4,4,4,4,4
3343,LMB,Highlandtown_2014,201,83,2,2,2,1,2,2
3344,LMB,Highlandtown_2014,226,120,2,2,2,3,2,2
3345,LMB,Highlandtown_2014,232,134,2,2,4,3,3,3
3346,LMB,Highlandtown_2014,293,282,3,2,3,3,3,3
3347,LMB,Highlandtown_2014,209,92,2,2,2,2,2,2
3348,LMB,Highlandtown_2014,331,437,4,5,2,3,4,5
3349,LMB,Highlandtown_2014,201,82,1,1,2,2,2,2
3350,LMB,Highlandtown_2014,372,714,4,6,5,5,6,5
3351,LMB,Highlandtown_2014,244,165,2,2,3,3,3,3
3352,LMB,Highlandtown_2014,277,213,3,3,2,3,2,2
3353,LMB,Highlandtown_2014,372,696,6,7,5,6,5,5
3354,LMB,Highlandtown_2014,328,385,2,3,3,5,4,4
3355,LMB,Highlandtown_2014,304,407,3,4,4,4,4,4
3356,LMB,Highlandtown_2014,188,60,1,1,3,3,2,2
3357,LMB,Highlandtown_2014,212,86,1,1,2,3,2,2
3358,LMB,Highlandtown_2014,330,500,5,5,4,3,3,3
3359,LMB,Highlandtown_2014,314,386,3,3,3,5,5,5
3360,LMB,Highlandtown_2014,346,518,3,5,4,4,4,4
3361,LMB,Highlandtown_2014,370,643,4,8,5,4,5,5
3363,LMB,Highlandtown_2014,367,622,5,4,4,4,7,7
3364,LMB,Highlandtown_2014,439,1428,6,9,5,6,9,9
3369,LMB,Highlandtown_2014,194,68,1,1,2,3,2,2
3370,LMB,Highlandtown_2014,356,574,3,3,5,4,6,6
3373,LMB,Highlandtown_2014,281,257,2,3,3,3,3,3
3375,LMB,Highlandtown_2014,372,684,4,6,4,4,4,4
3376,LMB,Highlandtown_2014,320,444,4,4,4,3,4,4
3377,LMB,Highlandtown_2014,326,436,5,6,4,5,4,4
3378,LMB,Highlandtown_2014,298,336,2,2,3,3,3,3
3379,LMB,Highlandtown_2014,402,960,5,6,11,5,13,14
3380,LMB,Highlandtown_2014,412,894,5,8,8,4,9,9
3381,LMB,Highlandtown_2014,289,303,3,4,6,3,6,6
3382,LMB,Highlandtown_2014,333,402,4,3,6,3,4,4
3383,LMB,Highlandtown_2014,251,172,2,2,4,3,2,2
3450,LMB,Highlandtown_2014,311,349,3,3,3,3,3,3
3451,LMB,Highlandtown_2014,345,550,3,4,4,3,5,4
3452,LMB,Highlandtown_2014,380,727,5,8,6,4,4,4
3453,LMB,Highlandtown_2014,221,109,2,1,2,2,2,2
3455,LMB,Highlandtown_2014,418,1034,3,5,8,5,9,9
3456,LMB,Highlandtown_2014,342,524,3,4,6,4,5,4
3457,LMB,Highlandtown_2014,440,1212,7,9,8,6,7,7
3460,LMB,Highlandtown_2014,360,637,4,5,3,3,NA,3
3461,LMB,Highlandtown_2014,381,671,4,6,4,5,5,5
3462,LMB,Highlandtown_2014,381,721,3,4,8,5,8,9
3464,LMB,Highlandtown_2014,352,600,3,4,5,4,4,4
3469,LMB,Highlandtown_2014,463,1463,7,10,9,6,9,9
3470,LMB,Highlandtown_2014,108,11,1,1,2,1,1,1
3471,LMB,Highlandtown_2014,138,26,1,1,2,1,1,1
3473,LMB,Highlandtown_2014,195,70,2,2,3,2,2,2
3474,LMB,Highlandtown_2014,189,73,NA,2,2,2,2,2
3500,LMB,Long_2013,405,881,5,5,5,5,5,5
3501,LMB,Long_2013,397,898,NA,7,6,5,5,5
3502,LMB,Long_2013,223,142,2,2,2,2,2,2
3503,LMB,Long_2013,350,579,6,4,8,5,5,5
3504,LMB,Long_2013,334,586,4,5,6,4,4,4
3506,LMB,Long_2013,443,1166,6,6,5,8,7,8
3507,LMB,Long_2013,284,295,2,2,1,3,3,3
3508,LMB,Long_2013,370,664,3,4,5,5,4,5
3509,LMB,Long_2013,375,740,5,4,7,4,4,4
3510,LMB,Long_2013,392,851,3,6,7,5,5,5
3511,LMB,Long_2013,358,700,4,6,6,6,4,4
3512,LMB,Long_2013,207,113,2,2,1,2,3,2
3513,LMB,Long_2013,115,17,1,1,1,1,2,1
3514,LMB,Long_2013,449,1254,6,5,10,6,6,6
3515,LMB,Long_2013,310,418,4,3,6,4,4,4
3516,LMB,Long_2013,366,589,3,3,8,5,5,5
3517,LMB,Long_2013,295,321,2,3,5,3,3,3
3518,LMB,Long_2013,439,1304,6,6,10,10,10,11
3519,LMB,Long_2013,377,755,5,3,7,4,4,4
3520,LMB,Long_2013,386,722,3,3,2,6,5,6
3522,LMB,Long_2013,99,9,3,4,5,1,1,1
3523,LMB,Long_2013,480,1804,7,6,9,12,8,12
3524,LMB,Long_2013,317,458,1,1,1,4,4,4
3525,LMB,Long_2013,258,218,4,5,9,3,3,3
3526,LMB,Long_2013,283,260,3,3,3,3,3,3
3527,LMB,Long_2013,405,894,6,6,7,7,5,8
3528,LMB,Long_2013,198,77,2,2,2,2,2,2
3529,LMB,Long_2013,243,158,2,2,2,2,2,2
3530,LMB,Long_2013,254,173,2,2,2,2,2,2
3531,LMB,Long_2013,305,484,3,3,8,4,3,4
3532,LMB,Long_2013,294,294,3,3,4,3,3,3
3533,LMB,Long_2013,287,317,2,3,5,4,4,4
3534,LMB,Long_2013,215,106,2,2,2,2,2,2
3535,LMB,Long_2013,205,108,2,2,2,2,2,2
3536,LMB,Long_2013,468,1622,8,7,9,11,9,11
3537,LMB,Long_2013,501,1926,7,7,8,13,10,14
3538,LMB,Long_2013,466,1616,5,6,6,12,9,13
3539,LMB,Long_2013,249,187,2,2,2,3,3,3
3540,LMB,Long_2013,246,159,2,2,2,2,2,2
3541,LMB,Long_2013,234,147,2,2,2,3,3,3
3542,LMB,Long_2013,195,87,2,2,2,2,2,2
3543,LMB,Long_2013,231,135,2,2,1,2,2,2
3544,LMB,Long_2013,333,476,3,3,3,4,4,4
3545,LMB,Long_2013,305,346,3,2,3,3,4,4
3546,LMB,Long_2013,317,368,3,3,4,4,4,4
3547,LMB,Long_2013,266,241,2,2,2,3,3,3
3548,LMB,Long_2013,403,873,6,5,6,5,5,5
3549,LMB,Long_2013,204,88,2,2,2,2,2,2
3550,LMB,Long_2013,129,23,1,1,1,1,1,1
3551,LMB,Long_2013,185,71,1,2,2,2,2,2
3552,LMB,Long_2013,173,60,2,2,2,2,2,2
3553,LMB,Long_2013,136,24,1,1,1,1,2,1
3554,LMB,Long_2013,231,144,2,2,3,3,3,3
3555,LMB,Long_2013,481,1954,6,7,3,11,11,12
3556,LMB,Long_2013,483,1700,6,6,7,19,11,19
3557,LMB,Long_2013,293,319,2,2,2,3,3,3
3558,LMB,Long_2013,349,508,3,3,6,4,3,4
3559,LMB,Long_2013,437,1426,5,3,6,8,7,8
3560,LMB,Long_2013,392,880,3,3,3,5,5,5
3561,LMB,Long_2013,265,222,2,2,2,3,3,3
3562,LMB,Long_2013,279,243,2,2,2,3,3,3
3563,LMB,Long_2013,273,250,2,2,2,3,3,3
3564,LMB,Long_2013,216,105,2,2,2,2,2,2
3565,LMB,Long_2013,196,73,1,2,2,2,2,2
3566,LMB,Long_2013,136,25,1,1,1,1,2,1
3567,LMB,Long_2013,429,1185,7,5,8,5,5,5
3568,LMB,Long_2013,346,593,2,3,5,6,6,5
3569,LMB,Long_2013,364,593,4,4,5,5,5,4
3570,LMB,Long_2013,429,1126,5,4,5,6,6,6
3571,LMB,Long_2013,437,1207,5,4,7,10,9,10
3572,LMB,Long_2013,415,1125,6,5,6,7,7,6
3573,LMB,Long_2013,272,224,2,3,3,3,3,3
3574,LMB,Long_2013,156,42,1,1,1,2,2,2
3575,LMB,Long_2013,358,647,3,4,6,4,5,4
3576,LMB,Long_2013,490,1974,8,7,7,9,8,9
3577,LMB,Long_2013,381,814,NA,6,NA,5,4,5
3578,LMB,Long_2013,333,621,4,5,4,5,5,5
3579,LMB,Long_2013,222,118,2,2,2,2,2,2
3580,LMB,Long_2013,212,111,2,2,2,2,2,2
3581,LMB,Long_2013,180,70,2,2,2,2,2,2
3582,LMB,Long_2013,156,42,1,1,1,2,2,2
3583,LMB,Long_2013,260,213,2,2,NA,3,4,3
3584,LMB,Long_2013,470,1588,7,5,8,9,8,10
3585,LMB,Long_2013,503,1995,6,8,12,12,8,12
3586,LMB,Long_2013,442,1351,6,8,8,11,11,11
3587,LMB,Long_2013,507,1983,8,10,15,10,11,12
3588,LMB,Long_2013,225,119,2,2,4,2,2,2
3589,LMB,Long_2013,473,1565,6,6,11,15,10,15
3590,LMB,Long_2013,413,951,3,6,7,6,5,6
3591,LMB,Long_2013,340,539,4,4,7,5,3,5
3592,LMB,Long_2013,118,15,1,1,1,1,1,1
3593,LMB,Long_2013,532,2377,9,7,11,15,16,16
3594,LMB,Long_2013,413,1084,5,5,8,6,7,6
3595,LMB,Long_2013,424,1304,5,6,NA,6,5,6
3596,LMB,Long_2013,368,752,5,4,8,4,4,4
3597,LMB,Long_2013,122,18,1,1,1,1,1,1
3598,LMB,Long_2013,322,473,4,5,5,4,3,4
3599,LMB,Long_2013,323,417,3,2,5,5,4,5
3600,LMB,Long_2013,531,2548,NA,NA,NA,12,12,12
3601,LMB,Long_2013,255,201,2,2,3,3,3,3
3602,LMB,Long_2013,149,35,1,1,1,1,2,1
3603,LMB,Long_2013,524,2205,9,7,12,10,10,10
3604,LMB,Long_2013,469,1322,6,6,10,8,6,12
3605,LMB,Long_2013,309,399,3,2,6,4,4,4
3606,LMB,Long_2013,108,12,1,1,1,1,1,1
3607,LMB,Long_2013,185,72,2,2,2,2,2,2
3850,LMB,Spencer_2013,293,344,3,3,4,2,2,3
3851,LMB,Spencer_2013,246,188,2,2,2,2,2,3
3876,LMB,Spencer_2013,390,700,4,6,6,6,4,8
3877,LMB,Spencer_2013,215,126,1,2,2,2,2,3
3878,LMB,Spencer_2013,367,533,5,5,8,7,7,9
3879,LMB,Spencer_2013,476,1547,4,6,12,10,8,12
3880,LMB,Spencer_2013,432,1004,6,8,9,9,7,14
3881,LMB,Spencer_2013,278,262,2,3,6,4,3,4
3882,LMB,Spencer_2013,246,193,NA,NA,NA,2,2,3
3883,LMB,Spencer_2013,335,484,3,4,9,3,3,4
3884,LMB,Spencer_2013,421,1000,NA,6,11,7,4,7
3885,LMB,Spencer_2013,354,591,5,5,6,4,5,4
3886,LMB,Spencer_2013,223,113,2,2,2,2,2,2
3887,LMB,Spencer_2013,201,102,2,2,2,2,2,2
3888,LMB,Spencer_2013,213,113,2,2,3,2,2,2
3889,LMB,Spencer_2013,211,128,2,2,6,2,2,2
3890,LMB,Spencer_2013,202,94,1,2,2,2,2,2
3891,LMB,Spencer_2013,330,448,3,3,13,3,4,4
3892,LMB,Spencer_2013,413,818,5,5,8,7,6,8
3893,LMB,Spencer_2013,160,47,1,1,2,1,1,1
3894,LMB,Spencer_2013,185,75,2,2,2,2,2,2
3895,LMB,Spencer_2013,129,25,1,1,1,1,1,1
3896,LMB,Spencer_2013,500,1919,8,7,12,8,7,9
3897,LMB,Spencer_2013,492,1851,6,7,9,9,10,11
3898,LMB,Spencer_2013,415,901,4,5,9,7,7,7
3899,LMB,Spencer_2013,203,99,2,2,4,1,1,2
3900,LMB,Spencer_2013,198,87,2,2,2,2,2,2
3901,LMB,Spencer_2013,185,69,2,2,2,2,2,2
3902,LMB,Spencer_2013,127,23,1,1,1,1,1,1
3903,LMB,Spencer_2013,121,22,1,1,1,1,1,2
3904,LMB,Spencer_2013,306,387,3,4,5,3,4,4
3905,LMB,Spencer_2013,250,190,2,2,5,3,3,3
3906,LMB,Spencer_2013,408,944,5,6,6,7,7,7
3907,LMB,Spencer_2013,258,200,2,2,2,3,3,3
3908,LMB,Spencer_2013,530,2675,NA,6,NA,14,14,15
3909,LMB,Spencer_2013,377,728,3,4,8,7,10,8
3910,LMB,Spencer_2013,306,339,2,3,6,4,4,4
3911,LMB,Spencer_2013,207,107,2,2,3,2,2,2
3912,LMB,Spencer_2013,184,71,2,2,3,2,2,2
3913,LMB,Spencer_2013,220,123,2,2,2,2,2,2
3914,LMB,Spencer_2013,225,141,2,2,4,2,2,2
3915,LMB,Spencer_2013,337,458,3,3,5,5,6,7
3916,LMB,Spencer_2013,289,302,NA,3,NA,3,3,3
3918,LMB,Spencer_2013,323,400,3,3,5,5,3,6
3919,LMB,Spencer_2013,342,507,3,3,6,6,7,6
3920,LMB,Spencer_2013,246,186,2,2,3,3,3,3
3921,LMB,Spencer_2013,282,328,NA,NA,NA,4,3,4
3922,LMB,Spencer_2013,324,475,3,3,7,4,4,4
3923,LMB,Spencer_2013,422,968,6,5,7,7,7,6
3924,LMB,Spencer_2013,436,1099,4,5,6,7,8,7
3925,LMB,Spencer_2013,352,536,3,3,5,4,3,4
3926,LMB,Spencer_2013,358,589,3,5,5,7,7,7
3927,LMB,Spencer_2013,313,424,3,3,5,3,4,4
3928,LMB,Spencer_2013,287,347,3,4,5,2,3,3
3929,LMB,Spencer_2013,275,244,NA,NA,NA,3,3,3
3932,LMB,Spencer_2013,414,920,6,5,9,7,7,7
3933,LMB,Spencer_2013,236,171,2,3,6,3,3,3
3934,LMB,Spencer_2013,395,831,NA,NA,NA,6,6,6
3935,LMB,Spencer_2013,292,327,2,3,6,4,4,3
3936,LMB,Spencer_2013,265,228,2,2,5,2,2,3
3937,LMB,Spencer_2013,232,131,NA,2,4,2,2,3
3938,LMB,Spencer_2013,264,229,2,2,NA,2,3,3
3939,LMB,Spencer_2013,303,336,2,3,6,4,3,4
3940,LMB,Spencer_2013,264,228,2,3,5,3,3,3
3941,LMB,Spencer_2013,233,178,2,2,4,3,3,3
3942,LMB,Spencer_2013,271,245,2,2,6,4,3,4
3943,LMB,Spencer_2013,259,234,2,2,5,3,3,3
3944,LMB,Spencer_2013,191,86,1,1,4,2,2,2
3945,LMB,Spencer_2013,297,341,2,3,6,4,5,5
3946,LMB,Spencer_2013,194,84,NA,NA,NA,2,2,2
3947,LMB,Spencer_2013,519,2271,8,6,10,14,8,14
3948,LMB,Spencer_2013,492,1899,6,7,7,13,10,13
3949,LMB,Spencer_2013,459,1273,NA,6,7,7,8,3
3000,LMB,Silver Creek_2013,438,1445,6,7,7,12,3,14
3002,LMB,Silver Creek_2013,350,588,5,4,5,4,5,5
3003,LMB,Silver Creek_2013,395,799,5,5,5,4,4,5
3004,LMB,Silver Creek_2013,370,633,4,5,5,5,3,5
3005,LMB,Silver Creek_2013,356,608,3,5,5,4,3,5
3006,LMB,Silver Creek_2013,366,660,6,5,5,5,4,5
3008,LMB,Silver Creek_2013,365,687,9,5,7,5,4,5
3009,LMB,Silver Creek_2013,375,700,6,6,6,4,3,5
3010,LMB,Silver Creek_2013,395,917,7,4,5,5,4,5
3011,LMB,Silver Creek_2013,450,1420,NA,NA,NA,17,5,18
3012,LMB,Silver Creek_2013,425,928,5,5,6,11,6,12
3013,LMB,Silver Creek_2013,397,871,4,5,7,5,3,6
3014,LMB,Silver Creek_2013,378,746,6,6,6,4,4,5
3015,LMB,Silver Creek_2013,420,1150,7,6,7,6,7,6
3016,LMB,Silver Creek_2013,304,350,4,3,5,4,3,4
3017,LMB,Silver Creek_2013,319,428,3,2,4,4,3,3
3018,LMB,Silver Creek_2013,270,280,2,3,4,6,3,4
3019,LMB,Silver Creek_2013,359,620,4,5,5,7,5,5
3020,LMB,Silver Creek_2013,348,584,5,5,8,5,5,5
3021,LMB,Silver Creek_2013,332,400,3,3,2,4,3,5
3022,LMB,Silver Creek_2013,419,992,6,4,5,5,4,5
3023,LMB,Silver Creek_2013,170,52,1,1,1,1,3,1
3024,LMB,Silver Creek_2013,170,60,1,1,1,1,1,1
3025,LMB,Silver Creek_2013,142,40,1,1,2,1,1,1
3026,LMB,Silver Creek_2013,300,382,1,1,1,1,1,1
3027,LMB,Silver Creek_2013,455,1467,1,1,1,1,1,1
3028,LMB,Silver Creek_2013,429,1040,1,1,1,1,1,1
3029,LMB,Silver Creek_2013,91,6,3,2,4,4,3,3
3030,LMB,Silver Creek_2013,400,912,4,3,5,4,3,4
3032,LMB,Silver Creek_2013,447,1488,2,3,4,6,3,4
3033,LMB,Silver Creek_2013,401,852,4,4,6,4,3,4
3034,LMB,Silver Creek_2013,310,432,6,5,6,6,3,4
3035,LMB,Silver Creek_2013,405,879,3,3,5,4,3,4
3036,LMB,Silver Creek_2013,365,679,7,6,6,9,4,8
3037,LMB,Silver Creek_2013,152,40,1,1,1,1,1,1
3038,LMB,Silver Creek_2013,141,30,1,1,2,NA,NA,NA
3039,LMB,Silver Creek_2013,92,6,1,1,1,1,1,1
3040,LMB,Silver Creek_2013,385,760,7,3,5,4,6,4
3041,LMB,Silver Creek_2013,385,744,4,5,10,7,4,4
3042,LMB,Silver Creek_2013,411,NA,6,5,9,5,4,4
3050,LMB,Wingfoot_2014,198,70,2,1,2,2,2,2
3051,LMB,Wingfoot_2014,234,143,3,2,2,2,2,2
3052,LMB,Wingfoot_2014,281,265,4,3,3,3,3,3
3053,LMB,Wingfoot_2014,313,356,5,4,5,3,5,5
3054,LMB,Wingfoot_2014,335,503,4,5,4,3,4,3
3055,LMB,Wingfoot_2014,206,82,2,2,2,2,2,2
3056,LMB,Wingfoot_2014,221,130,3,3,2,2,2,2
3057,LMB,Wingfoot_2014,217,97,2,2,2,2,2,2
3058,LMB,Wingfoot_2014,275,240,2,5,3,3,3,3
3059,LMB,Wingfoot_2014,345,566,6,7,4,4,5,5
3060,LMB,Wingfoot_2014,328,488,5,9,5,4,5,5
3061,LMB,Wingfoot_2014,215,86,2,2,2,2,2,2
3062,LMB,Wingfoot_2014,322,420,5,7,3,3,4,4
3063,LMB,Wingfoot_2014,307,356,4,6,4,3,4,4
3064,LMB,Wingfoot_2014,337,424,3,5,4,3,4,4
3065,LMB,Wingfoot_2014,351,595,7,6,6,4,5,5
3066,LMB,Wingfoot_2014,328,463,6,7,4,4,5,4
3067,LMB,Wingfoot_2014,175,59,2,2,2,3,3,3
3068,LMB,Wingfoot_2014,262,238,4,3,5,3,3,3
3069,LMB,Wingfoot_2014,277,264,4,4,3,3,3,3
3070,LMB,Wingfoot_2014,330,486,6,6,4,4,4,4
3071,LMB,Wingfoot_2014,304,411,6,6,4,4,4,4
3072,LMB,Wingfoot_2014,227,128,3,3,2,2,2,2
3073,LMB,Wingfoot_2014,334,448,5,6,3,3,4,3
3074,LMB,Wingfoot_2014,269,241,2,2,2,3,3,2
3075,LMB,Wingfoot_2014,257,197,4,3,3,3,3,3
3076,LMB,Wingfoot_2014,235,136,3,2,2,2,2,2
3077,LMB,Wingfoot_2014,253,186,3,2,3,3,4,3
3078,LMB,Wingfoot_2014,249,198,3,3,2,3,2,3
3079,LMB,Wingfoot_2014,309,255,3,6,2,3,5,4
3081,LMB,Wingfoot_2014,232,133,3,2,3,3,3,3
3082,LMB,Wingfoot_2014,287,246,3,4,3,3,3,3
3083,LMB,Wingfoot_2014,421,965,5,11,5,4,5,4
3084,LMB,Wingfoot_2014,227,113,2,2,2,2,2,2
3085,LMB,Wingfoot_2014,269,227,4,3,5,3,3,3
3086,LMB,Wingfoot_2014,295,314,4,5,5,3,3,3
3088,LMB,Wingfoot_2014,279,236,3,4,3,3,3,3
3089,LMB,Wingfoot_2014,360,690,5,8,4,4,4,4
3090,LMB,Wingfoot_2014,369,544,4,7,5,4,6,5
3091,LMB,Wingfoot_2014,343,586,2,6,3,4,6,5
3092,LMB,Wingfoot_2014,477,1724,8,6,5,4,11,10
3093,LMB,Wingfoot_2014,341,498,6,5,4,4,5,5
3094,LMB,Wingfoot_2014,318,427,5,4,4,4,4,4
3096,LMB,Wingfoot_2014,193,72,2,2,2,2,2,2
3097,LMB,Wingfoot_2014,181,62,2,2,2,2,2,2
3098,LMB,Wingfoot_2014,255,183,2,2,2,3,3,3
3099,LMB,Wingfoot_2014,216,104,2,2,2,2,2,2
3175,LMB,Wingfoot_2014,396,805,6,8,5,5,6,5
3177,LMB,Wingfoot_2014,201,84,2,NA,2,2,2,2
3178,LMB,Wingfoot_2014,193,72,2,2,2,2,2,2
3179,LMB,Wingfoot_2014,204,89,2,2,2,2,2,2
3180,LMB,Wingfoot_2014,186,64,2,1,2,2,2,2
3181,LMB,Wingfoot_2014,294,348,4,4,3,3,4,4
3182,LMB,Wingfoot_2014,390,852,7,8,5,4,4,4
3183,LMB,Wingfoot_2014,382,762,5,4,2,4,5,5
3184,LMB,Wingfoot_2014,396,902,4,7,4,4,7,5
3185,LMB,Wingfoot_2014,299,322,4,3,3,4,4,4
3186,LMB,Wingfoot_2014,384,900,7,8,5,4,5,5
3187,LMB,Wingfoot_2014,315,377,4,5,4,3,3,3
3189,LMB,Wingfoot_2014,183,56,2,1,2,2,2,2
3191,LMB,Wingfoot_2014,175,55,2,2,2,2,2,1
3192,LMB,Wingfoot_2014,191,76,2,2,2,2,2,2
3193,LMB,Wingfoot_2014,374,687,6,7,5,4,6,6
3195,LMB,Wingfoot_2014,359,570,3,3,3,4,4,4
3196,LMB,Wingfoot_2014,243,154,2,2,2,2,3,3
3197,LMB,Wingfoot_2014,178,64,2,2,2,2,2,2
3198,LMB,Wingfoot_2014,289,86,7,5,6,3,3,3
3199,LMB,Wingfoot_2014,283,292,3,5,3,3,3,3
3200,LMB,Wingfoot_2014,420,982,NA,NA,5,4,10,7
3202,LMB,Wingfoot_2014,247,156,2,2,NA,2,2,2
3203,LMB,Wingfoot_2014,354,623,4,6,5,3,3,3
4125,LMB,Burr Oak_2013,290,291,6,3,5,3,1,2
4126,LMB,Burr Oak_2013,325,455,5,3,4,3,3,3
4127,LMB,Burr Oak_2013,522,2418,17,8,14,8,8,8
4128,LMB,Burr Oak_2013,305,363,4,3,4,3,3,3
4129,LMB,Burr Oak_2013,415,1094,7,5,5,4,4,4
4130,LMB,Burr Oak_2013,191,72,2,2,2,2,2,2
4131,LMB,Burr Oak_2013,220,116,3,2,2,2,2,2
4132,LMB,Burr Oak_2013,257,203,3,3,2,2,2,2
4133,LMB,Burr Oak_2013,387,767,5,5,5,4,4,4
4134,LMB,Burr Oak_2013,315,395,5,3,3,3,3,3
4135,LMB,Burr Oak_2013,341,501,5,4,4,3,3,2
4136,LMB,Burr Oak_2013,273,238,3,3,3,3,3,3
4137,LMB,Burr Oak_2013,312,395,4,3,3,3,3,3
4138,LMB,Burr Oak_2013,396,880,6,4,5,4,4,4
4139,LMB,Burr Oak_2013,261,191,3,2,5,2,2,2
4140,LMB,Burr Oak_2013,200,87,1,2,3,2,2,2
4141,LMB,Burr Oak_2013,218,110,2,2,2,2,2,2
4142,LMB,Burr Oak_2013,195,67,2,2,2,2,2,2
4143,LMB,Burr Oak_2013,206,91,2,2,2,2,2,2
4144,LMB,Burr Oak_2013,221,109,2,2,2,2,2,2
4145,LMB,Burr Oak_2013,502,2425,10,8,9,9,9,9
4146,LMB,Burr Oak_2013,454,1510,8,6,5,6,6,7
4147,LMB,Burr Oak_2013,455,1510,6,6,6,5,5,5
4148,LMB,Burr Oak_2013,417,1014,5,4,6,3,4,4
4149,LMB,Burr Oak_2013,400,913,5,4,7,4,4,4
4300,LMB,Burr Oak_2013,197,71,2,2,1,2,2,2
4301,LMB,Burr Oak_2013,238,146,3,2,2,2,2,2
4302,LMB,Burr Oak_2013,394,907,6,4,6,4,4,4
4303,LMB,Burr Oak_2013,187,76,2,2,1,2,2,2
4304,LMB,Burr Oak_2013,219,124,2,2,2,2,2,2
4305,LMB,Burr Oak_2013,430,1191,8,4,5,5,5,5
4306,LMB,Burr Oak_2013,420,1239,12,5,7,5,5,6
4307,LMB,Burr Oak_2013,369,790,8,4,6,3,4,4
4308,LMB,Burr Oak_2013,256,187,3,2,2,2,2,2
4309,LMB,Burr Oak_2013,301,278,4,3,2,3,3,3
4310,LMB,Burr Oak_2013,156,39,2,2,1,2,2,2
4311,LMB,Burr Oak_2013,214,107,2,2,2,2,2,2
4312,LMB,Burr Oak_2013,264,239,4,3,3,3,3,3
4313,LMB,Burr Oak_2013,322,443,4,3,4,3,3,3
4314,LMB,Burr Oak_2013,406,1293,11,7,9,8,8,8
4315,LMB,Burr Oak_2013,185,65,2,2,2,2,2,2
4316,LMB,Burr Oak_2013,242,158,2,3,2,3,3,3
4317,LMB,Burr Oak_2013,165,47,2,2,1,2,2,2
4318,LMB,Burr Oak_2013,495,1906,13,12,10,11,11,11
4319,LMB,Burr Oak_2013,447,1485,11,NA,9,5,5,5
4320,LMB,Burr Oak_2013,476,1659,11,7,12,6,6,6
4321,LMB,Burr Oak_2013,487,1815,11,9,11,11,11,11
4322,LMB,Burr Oak_2013,333,475,7,3,6,3,3,3
4323,LMB,Burr Oak_2013,376,820,5,3,9,3,4,4
4324,LMB,Burr Oak_2013,294,305,4,3,5,3,3,3
4332,LMB,Burr Oak_2013,90,4,1,1,1,1,1,1
4333,LMB,Burr Oak_2013,95,7,1,1,1,1,1,1
4334,LMB,Burr Oak_2013,125,19,2,1,1,1,1,1
4335,LMB,Burr Oak_2013,84,4,1,1,1,1,1,1
4336,LMB,Burr Oak_2013,78,3,1,1,1,1,1,1
4337,LMB,Burr Oak_2013,109,12,1,1,1,1,1,1
4338,LMB,Burr Oak_2013,363,568,4,4,6,3,3,3
4339,LMB,Burr Oak_2013,451,1386,10,8,8,7,7,7
4340,LMB,Burr Oak_2013,562,2792,16,16,17,18,19,19
4341,LMB,Burr Oak_2013,461,1538,8,6,8,5,5,5
4342,LMB,Burr Oak_2013,442,1282,8,NA,9,6,6,6
4345,LMB,Burr Oak_2013,126,22,1,1,1,1,1,1
4346,LMB,Burr Oak_2013,124,19,1,1,1,1,1,1
4347,LMB,Burr Oak_2013,112,12,2,1,1,1,1,1
4348,LMB,Burr Oak_2013,150,36,1,1,1,1,1,1
4349,LMB,Burr Oak_2013,174,49,3,2,1,2,2,2
4500,LMB,Burr Oak_2013,335,506,6,4,7,3,3,3
4501,LMB,Burr Oak_2013,279,236,4,3,4,3,3,3
4502,LMB,Burr Oak_2013,402,819,NA,5,6,4,4,4
4503,LMB,Burr Oak_2013,237,131,4,2,2,2,2,2
4504,LMB,Burr Oak_2013,310,559,3,3,2,3,3,3
4505,LMB,Burr Oak_2013,436,1181,16,6,12,5,5,5
4506,LMB,Burr Oak_2013,385,713,7,4,6,3,3,3
4507,LMB,Burr Oak_2013,482,1710,10,5,7,5,5,5
4508,LMB,Burr Oak_2013,376,767,6,3,4,3,3,3
4509,LMB,Burr Oak_2013,356,676,NA,NA,5,5,5,5
4510,LMB,Burr Oak_2013,264,186,5,3,2,3,3,3
4511,LMB,Burr Oak_2013,285,243,3,3,2,3,3,3
4512,LMB,Burr Oak_2013,242,148,3,3,3,2,2,2
4513,LMB,Burr Oak_2013,402,1008,7,4,8,4,4,4
4514,LMB,Burr Oak_2013,327,460,6,5,6,4,4,4
4515,LMB,Burr Oak_2013,476,1591,7,10,11,12,13,13
4516,LMB,Burr Oak_2013,445,1642,10,7,9,6,6,6
4517,LMB,Burr Oak_2013,276,220,3,3,3,2,2,2
4518,LMB,Burr Oak_2013,205,94,2,2,2,2,2,2
4519,LMB,Burr Oak_2013,426,972,6,5,11,6,6,6
4520,LMB,Burr Oak_2013,311,309,4,3,6,3,3,3
4521,LMB,Burr Oak_2013,350,518,3,3,5,3,3,3
4522,LMB,Burr Oak_2013,225,110,2,2,1,2,2,2
4523,LMB,Burr Oak_2013,472,2333,12,5,10,5,5,5
4524,LMB,Burr Oak_2013,434,1200,11,5,7,5,5,5
4525,LMB,Burr Oak_2013,231,128,4,2,2,2,2,2
4526,LMB,Burr Oak_2013,391,824,9,5,7,4,4,4
4527,LMB,Burr Oak_2013,505,2080,11,13,12,17,17,17
4528,LMB,Burr Oak_2013,461,1430,6,5,8,5,5,5
4529,LMB,Burr Oak_2013,354,545,6,3,6,3,3,3
4530,LMB,Burr Oak_2013,415,964,5,4,6,4,4,4
4531,LMB,Burr Oak_2013,388,828,7,4,5,4,4,4
4533,LMB,Burr Oak_2013,244,175,3,3,3,2,2,2
4534,LMB,Burr Oak_2013,397,742,NA,NA,8,5,5,5
4535,LMB,Burr Oak_2013,440,1262,7,5,7,4,5,5
4536,LMB,Burr Oak_2013,282,266,3,3,3,3,3,3
4537,LMB,Burr Oak_2013,181,70,3,1,1,2,2,2
4538,LMB,Burr Oak_2013,543,2234,12,10,12,8,9,9
4539,LMB,Burr Oak_2013,491,1830,9,7,10,6,6,6
4540,LMB,Burr Oak_2013,556,2650,13,11,14,11,11,11
4541,LMB,Burr Oak_2013,298,373,5,3,2,3,3,3
4542,LMB,Burr Oak_2013,309,372,5,3,4,3,3,3
4543,LMB,Burr Oak_2013,189,76,3,2,1,2,2,2
4544,LMB,Burr Oak_2013,247,154,3,2,2,2,2,2
4545,LMB,Burr Oak_2013,281,262,4,3,3,3,3,3
4546,LMB,Burr Oak_2013,214,96,2,2,1,2,2,2
4547,LMB,Burr Oak_2013,361,680,6,6,5,4,4,4
4548,LMB,Burr Oak_2013,411,884,7,3,6,4,4,3
4549,LMB,Burr Oak_2013,322,448,5,3,3,3,3,2
4550,LMB,Burr Oak_2013,172,60,3,2,2,2,2,2
4551,LMB,Burr Oak_2013,135,24,1,1,1,1,1,1
4552,LMB,Burr Oak_2013,462,1697,12,5,9,4,5,5
4553,LMB,Burr Oak_2013,445,1277,8,5,6,8,8,8
4555,LMB,Burr Oak_2013,426,1055,11,4,6,4,4,4
4556,LMB,Burr Oak_2013,374,1436,9,5,7,4,4,4
4557,LMB,Burr Oak_2013,376,1497,4,3,3,3,3,3
4558,LMB,Burr Oak_2013,152,39,1,1,1,1,1,1
4568,LMB,Burr Oak_2013,468,1553,14,9,9,9,9,9
4650,LMB,Burr Oak_2013,297,215,5,4,3,3,3,3
4325,LMB,Burr Oak_2013,429,1025,9,6,8,6,6,6
4326,LMB,Burr Oak_2013,493,1752,8,10,10,11,11,11
4327,LMB,Burr Oak_2013,105,10,NA,1,1,1,1,1
4328,LMB,Burr Oak_2013,502,1678,13,11,10,14,14,14
4329,LMB,Burr Oak_2013,147,33,1,1,1,1,1,1
4330,LMB,Burr Oak_2013,145,27,1,1,1,1,1,1
4331,LMB,Burr Oak_2013,88,6,NA,NA,1,1,1,1
4343,LMB,Burr Oak_2013,348,475,5,4,2,3,3,3
4344,LMB,Burr Oak_2013,88,6,1,1,1,1,1,1
4469,LMB,Burr Oak_2013,79,6,1,1,1,1,1,1
4470,LMB,Burr Oak_2013,74,4,NA,NA,1,1,1,1
4471,LMB,Burr Oak_2013,224,114,2,2,2,2,2,2
4472,LMB,Burr Oak_2013,85,7,1,1,1,1,1,1
4473,LMB,Burr Oak_2013,113,14,1,1,1,1,1,1
4474,LMB,Burr Oak_2013,512,2221,12,11,14,11,11,11
4559,LMB,Burr Oak_2013,498,1956,13,9,12,11,11,11
4561,LMB,Burr Oak_2013,115,15,1,1,1,1,1,1
4562,LMB,Burr Oak_2013,101,11,1,1,1,1,1,1
4565,LMB,Burr Oak_2013,109,16,1,1,1,1,1,1
4566,LMB,Burr Oak_2013,119,16,2,1,1,1,1,1
4250,LMB,Burr Oak_2014,183,60,2,1,1,1,1,1
4251,LMB,Burr Oak_2014,106,11,2,1,1,1,1,1
4252,LMB,Burr Oak_2014,153,34,2,2,2,2,2,2
4253,LMB,Burr Oak_2014,478,1722,9,8,10,9,9,9
4255,LMB,Burr Oak_2014,381,786,7,5,7,4,4,4
4256,LMB,Burr Oak_2014,272,198,3,3,2,3,3,3
4257,LMB,Burr Oak_2014,336,510,5,4,3,3,3,3
4261,LMB,Burr Oak_2014,440,1288,8,7,8,6,6,7
4262,LMB,Burr Oak_2014,389,871,5,5,5,4,4,4
4263,LMB,Burr Oak_2014,379,734,4,5,3,4,4,4
4265,LMB,Burr Oak_2014,560,3046,12,12,10,9,9,9
4266,LMB,Burr Oak_2014,349,519,5,5,3,4,4,4
4267,LMB,Burr Oak_2014,525,2566,10,10,8,9,9,9
4275,LMB,Burr Oak_2014,503,1848,1,7,13,12,12,12
4276,LMB,Burr Oak_2014,287,244,4,3,2,2,2,2
4277,LMB,Burr Oak_2014,138,17,1,1,1,1,1,1
4278,LMB,Burr Oak_2014,116,14,1,1,1,1,1,1
4280,LMB,Burr Oak_2014,455,1561,1,8,11,9,9,9
4281,LMB,Burr Oak_2014,436,1215,8,6,7,5,6,6
4282,LMB,Burr Oak_2014,262,193,4,2,2,2,2,2
4283,LMB,Burr Oak_2014,269,192,4,2,2,2,2,2
4284,LMB,Burr Oak_2014,437,1104,8,5,7,5,6,6
4285,LMB,Burr Oak_2014,256,159,4,3,2,3,3,3
4286,LMB,Burr Oak_2014,316,382,4,3,3,3,3,3
4287,LMB,Burr Oak_2014,227,113,3,2,2,2,2,2
4288,LMB,Burr Oak_2014,136,20,1,1,1,1,1,1
4289,LMB,Burr Oak_2014,175,49,2,2,1,2,2,2
4290,LMB,Burr Oak_2014,122,15,1,1,1,1,1,1
4292,LMB,Burr Oak_2014,502,1983,9,9,9,8,8,8
4293,LMB,Burr Oak_2014,395,880,6,5,6,4,4,4
4294,LMB,Burr Oak_2014,337,463,5,3,5,3,3,3
4295,LMB,Burr Oak_2014,188,75,2,3,2,2,2,2
4296,LMB,Burr Oak_2014,174,52,3,2,2,2,1,2
4297,LMB,Burr Oak_2014,167,47,2,1,2,2,2,2
4298,LMB,Burr Oak_2014,524,2290,14,9,12,9,9,9
4299,LMB,Burr Oak_2014,126,15,1,1,1,1,1,1
4450,LMB,Burr Oak_2014,146,34,2,2,2,2,2,2
4451,LMB,Burr Oak_2014,168,48,2,2,2,2,2,2
4452,LMB,Burr Oak_2014,193,69,2,2,2,2,2,2
4453,LMB,Burr Oak_2014,207,93,2,2,2,2,2,2
4454,LMB,Burr Oak_2014,182,62,2,2,2,2,2,2
4455,LMB,Burr Oak_2014,189,71,2,2,2,2,2,2
4456,LMB,Burr Oak_2014,197,84,2,2,2,2,2,2
4458,LMB,Burr Oak_2014,301,272,4,3,3,3,3,3
4459,LMB,Burr Oak_2014,245,166,4,3,3,3,3,3
4464,LMB,Burr Oak_2014,277,239,4,3,3,3,3,3
4466,LMB,Burr Oak_2014,406,1023,9,5,6,5,5,5
4467,LMB,Burr Oak_2014,327,458,4,3,4,3,3,3
4600,LMB,Burr Oak_2014,275,244,4,3,3,3,3,3
4601,LMB,Burr Oak_2014,208,93,3,2,2,2,2,2
4602,LMB,Burr Oak_2014,238,142,3,2,2,2,2,2
4603,LMB,Burr Oak_2014,119,19,1,1,1,1,1,1
4604,LMB,Burr Oak_2014,124,19,1,1,1,1,1,1
4605,LMB,Burr Oak_2014,97,9,1,1,1,1,1,1
4606,LMB,Burr Oak_2014,516,2125,13,8,9,9,9,9
4607,LMB,Burr Oak_2014,444,1311,9,4,8,4,4,4
4608,LMB,Burr Oak_2014,352,597,7,3,4,4,4,4
4609,LMB,Burr Oak_2014,337,537,6,4,5,4,4,4
4610,LMB,Burr Oak_2014,212,103,3,2,2,2,2,2
4611,LMB,Burr Oak_2014,214,107,3,2,2,2,2,2
4612,LMB,Burr Oak_2014,109,13,1,NA,1,1,1,1
4613,LMB,Burr Oak_2014,378,738,6,4,5,3,3,3
4614,LMB,Burr Oak_2014,145,33,2,1,1,1,1,1
4615,LMB,Burr Oak_2014,128,20,1,1,1,1,1,1
4616,LMB,Burr Oak_2014,535,2620,9,9,9,12,12,12
4617,LMB,Burr Oak_2014,481,1898,10,8,9,6,6,6
4618,LMB,Burr Oak_2014,352,551,5,4,3,4,4,4
4619,LMB,Burr Oak_2014,344,550,7,4,3,3,3,3
4620,LMB,Burr Oak_2014,320,390,4,3,3,3,3,3
4621,LMB,Burr Oak_2014,315,394,5,3,4,3,3,3
4622,LMB,Burr Oak_2014,233,155,3,2,2,2,2,2
4623,LMB,Burr Oak_2014,168,45,2,2,2,2,2,1
4624,LMB,Burr Oak_2014,174,56,2,2,2,2,2,2
4635,LMB,Burr Oak_2014,568,2560,11,12,11,12,12,12
4679,LMB,Burr Oak_2014,97,8,1,1,1,1,1,1
4680,LMB,Burr Oak_2014,347,507,6,3,5,3,3,3
4681,LMB,Burr Oak_2014,319,372,5,3,5,3,3,3
4682,LMB,Burr Oak_2014,308,354,4,3,3,3,3,3
4683,LMB,Burr Oak_2014,530,2268,8,7,7,9,9,9
4684,LMB,Burr Oak_2014,221,110,3,2,2,2,2,2
4685,LMB,Burr Oak_2014,492,1906,10,8,8,9,8,8
4686,LMB,Burr Oak_2014,480,1716,12,12,10,14,14,14
4687,LMB,Burr Oak_2014,498,2086,9,10,8,9,9,9
4689,LMB,Burr Oak_2014,478,1795,12,8,7,7,7,7
4690,LMB,Burr Oak_2014,542,2945,11,8,11,9,9,9
4691,LMB,Burr Oak_2014,174,52,2,1,2,2,2,2
4692,LMB,Burr Oak_2014,301,346,5,3,3,3,3,3
4693,LMB,Burr Oak_2014,108,14,1,1,1,1,1,1
4694,LMB,Burr Oak_2014,222,108,3,2,2,2,2,2
4695,LMB,Burr Oak_2014,361,760,7,5,5,5,5,5
4696,LMB,Burr Oak_2014,224,114,2,2,2,2,2,2
4697,LMB,Burr Oak_2014,394,924,6,5,6,4,4,4
4698,LMB,Burr Oak_2014,425,1165,9,5,7,4,4,4
4699,LMB,Burr Oak_2014,268,231,3,3,3,3,3,3
4800,LMB,Burr Oak_2014,134,22,1,1,1,1,1,1
4801,LMB,Burr Oak_2014,155,35,2,1,2,1,1,1
4802,LMB,Burr Oak_2014,150,31,1,2,2,2,2,2
4803,LMB,Burr Oak_2014,116,13,1,1,1,1,1,1
4805,LMB,Burr Oak_2014,456,1527,9,6,6,6,6,7
4806,LMB,Burr Oak_2014,417,1186,7,4,6,5,5,5
4807,LMB,Burr Oak_2014,416,1055,7,5,5,4,4,4
4808,LMB,Burr Oak_2014,407,896,8,4,6,4,4,4
4809,LMB,Burr Oak_2014,389,867,6,4,5,4,4,4
4810,LMB,Burr Oak_2014,296,327,4,3,3,3,3,3
4811,LMB,Burr Oak_2014,280,252,4,3,3,3,3,3
4812,LMB,Burr Oak_2014,379,712,6,4,4,4,5,4
4813,LMB,Burr Oak_2014,435,1324,9,6,8,6,6,6
4814,LMB,Burr Oak_2014,293,289,4,3,3,3,3,3
4815,LMB,Burr Oak_2014,137,25,1,1,1,1,1,1
4816,LMB,Burr Oak_2014,255,172,3,3,3,3,3,3
4817,LMB,Burr Oak_2014,336,590,7,4,6,NA,NA,NA
4818,LMB,Burr Oak_2014,254,186,3,3,3,3,3,3
4819,LMB,Burr Oak_2014,249,165,3,2,2,3,3,3
4820,LMB,Burr Oak_2014,454,1555,8,7,8,6,6,6
4821,LMB,Burr Oak_2014,465,1903,10,9,8,7,7,7
4822,LMB,Burr Oak_2014,434,1270,9,6,7,5,5,5
4823,LMB,Burr Oak_2014,420,1042,6,5,7,4,4,4
4824,LMB,Burr Oak_2014,391,930,7,4,5,5,5,5
4950,LMB,Burr Oak_2014,425,1195,8,5,5,4,4,4
4951,LMB,Burr Oak_2014,349,560,5,4,5,3,3,3
4952,LMB,Burr Oak_2014,401,858,6,5,7,4,4,4
4953,LMB,Burr Oak_2014,114,20,1,1,1,1,1,1
4954,LMB,Burr Oak_2014,192,71,2,2,2,2,2,2
4955,LMB,Burr Oak_2014,482,1524,9,9,10,12,12,12
4956,LMB,Burr Oak_2014,400,848,7,4,7,3,3,3
4957,LMB,Burr Oak_2014,327,428,4,3,3,3,3,3
4958,LMB,Burr Oak_2014,366,716,7,3,6,4,4,4
4959,LMB,Burr Oak_2014,425,878,6,5,4,6,6,6
4960,LMB,Burr Oak_2014,307,311,4,3,4,3,3,3
4961,LMB,Burr Oak_2014,219,97,2,2,2,2,2,2
4962,LMB,Burr Oak_2014,285,212,4,4,3,4,4,4
4963,LMB,Burr Oak_2014,365,653,7,4,5,4,4,4
4964,LMB,Burr Oak_2014,201,88,2,2,2,2,2,2
4965,LMB,Burr Oak_2014,226,116,2,2,2,2,2,2
4966,LMB,Burr Oak_2014,207,86,2,2,2,2,2,2
4968,LMB,Burr Oak_2014,248,140,3,3,2,4,4,4
4969,LMB,Burr Oak_2014,236,134,3,2,2,2,2,2
4971,LMB,Burr Oak_2014,473,1505,9,9,8,8,8,8
4972,LMB,Burr Oak_2014,342,456,4,4,4,4,4,4
4973,LMB,Burr Oak_2014,291,275,4,3,4,3,3,3
4974,LMB,Burr Oak_2014,352,533,4,4,4,3,3,3
4975,LMB,Burr Oak_2014,519,1876,10,9,10,8,8,8
4977,LMB,Burr Oak_2014,197,86,2,2,2,2,2,2
4978,LMB,Burr Oak_2014,292,299,3,3,3,3,3,3
4979,LMB,Burr Oak_2014,323,412,5,4,3,4,4,4
4980,LMB,Burr Oak_2014,412,995,8,6,7,5,5,5
4981,LMB,Burr Oak_2014,353,553,5,5,4,4,4,4
4982,LMB,Burr Oak_2014,375,633,6,5,4,4,4,4
4984,LMB,Burr Oak_2014,495,1864,9,10,7,12,12,12
4985,LMB,Burr Oak_2014,454,1166,6,7,5,7,7,7
4986,LMB,Burr Oak_2014,217,102,2,2,2,2,2,2
4987,LMB,Burr Oak_2014,376,689,6,4,5,4,4,4
4988,LMB,Burr Oak_2014,461,1445,12,11,10,12,13,12
4989,LMB,Burr Oak_2014,553,2512,13,9,11,8,8,8
4991,LMB,Burr Oak_2014,128,20,1,1,1,1,1,1
4992,LMB,Burr Oak_2014,237,142,3,2,2,2,2,2
4993,LMB,Burr Oak_2014,304,361,3,3,3,3,3,3
4994,LMB,Burr Oak_2014,416,933,7,5,6,4,4,4
4995,LMB,Burr Oak_2014,148,31,1,1,1,1,1,1
4996,LMB,Burr Oak_2014,467,1478,10,5,10,6,6,6
4997,LMB,Burr Oak_2014,516,2144,13,10,8,9,9,9
4999,LMB,Burr Oak_2014,486,1529,12,10,11,12,12,12
4677,LMB,Burr Oak_2014,476,1672,9,6,10,5,6,6
4678,LMB,Burr Oak_2014,502,2147,10,6,12,6,7,7
4153,LMB,Lake Snowden_2013,118,16,NA,5,NA,1,1,1
4154,LMB,Lake Snowden_2013,472,1256,8,7,7,10,10,10
4155,LMB,Lake Snowden_2013,181,70,2,3,2,2,2,2
4156,LMB,Lake Snowden_2013,162,44,1,1,1,1,1,1
4157,LMB,Lake Snowden_2013,407,928,7,4,5,8,8,8
4158,LMB,Lake Snowden_2013,521,2060,11,10,9,14,14,14
4159,LMB,Lake Snowden_2013,528,2334,10,11,12,12,13,12
4160,LMB,Lake Snowden_2013,521,2610,6,7,11,9,9,9
4161,LMB,Lake Snowden_2013,131,26,1,1,1,1,1,1
4163,LMB,Lake Snowden_2013,170,52,1,1,1,2,1,2
4164,LMB,Lake Snowden_2013,141,28,1,1,1,1,1,1
4165,LMB,Lake Snowden_2013,322,348,6,4,3,7,7,7
4166,LMB,Lake Snowden_2013,329,410,6,4,5,4,4,4
4167,LMB,Lake Snowden_2013,373,698,5,4,6,5,4,4
4168,LMB,Lake Snowden_2013,189,76,2,2,2,2,2,2
4169,LMB,Lake Snowden_2013,148,36,1,1,1,1,1,1
4170,LMB,Lake Snowden_2013,169,68,2,2,2,2,2,2
4171,LMB,Lake Snowden_2013,143,28,1,1,1,1,1,1
4172,LMB,Lake Snowden_2013,87,6,1,1,1,1,1,1
4173,LMB,Lake Snowden_2013,327,400,5,4,5,7,7,NA
4174,LMB,Lake Snowden_2013,136,32,1,1,1,1,1,1
4175,LMB,Lake Snowden_2013,229,156,3,3,3,2,2,2
4176,LMB,Lake Snowden_2013,191,78,2,1,2,2,2,1
4177,LMB,Lake Snowden_2013,371,596,5,4,3,7,7,7
4178,LMB,Lake Snowden_2013,312,320,4,2,5,4,4,4
4179,LMB,Lake Snowden_2013,540,2204,10,10,6,12,11,12
4180,LMB,Lake Snowden_2013,512,2198,8,10,5,12,12,12
4181,LMB,Lake Snowden_2013,112,12,1,1,1,1,1,1
4182,LMB,Lake Snowden_2013,103,6,1,1,1,1,1,1
4183,LMB,Lake Snowden_2013,97,6,1,1,1,1,1,1
4184,LMB,Lake Snowden_2013,441,1248,8,7,6,7,7,8
4185,LMB,Lake Snowden_2013,372,544,4,5,4,6,6,6
4186,LMB,Lake Snowden_2013,196,94,2,3,2,2,2,2
4187,LMB,Lake Snowden_2013,109,20,1,1,1,1,1,1
4188,LMB,Lake Snowden_2013,151,32,1,1,1,1,1,1
4189,LMB,Lake Snowden_2013,108,14,1,1,1,1,1,1
4190,LMB,Lake Snowden_2013,138,36,1,1,1,1,1,1
4191,LMB,Lake Snowden_2013,331,370,5,5,5,5,5,5
4193,LMB,Lake Snowden_2013,421,848,5,7,5,6,6,6
4194,LMB,Lake Snowden_2013,151,38,1,1,1,1,1,1
4195,LMB,Lake Snowden_2013,126,24,1,1,1,1,1,1
4196,LMB,Lake Snowden_2013,121,22,1,1,1,1,1,1
4197,LMB,Lake Snowden_2013,318,382,4,5,4,5,5,5
4198,LMB,Lake Snowden_2013,157,46,1,1,1,1,1,1
4199,LMB,Lake Snowden_2013,186,84,2,2,2,2,2,2
4400,LMB,Lake Snowden_2013,351,516,4,5,3,4,5,5
4401,LMB,Lake Snowden_2013,357,440,5,4,6,6,6,6
4402,LMB,Lake Snowden_2013,316,364,4,4,3,7,7,7
4403,LMB,Lake Snowden_2013,92,8,1,1,1,1,1,1
4404,LMB,Lake Snowden_2013,226,124,4,3,2,3,3,3
4405,LMB,Lake Snowden_2013,347,428,4,7,6,5,5,5
4406,LMB,Lake Snowden_2013,333,496,6,7,5,5,5,5
4407,LMB,Lake Snowden_2013,363,610,4,7,3,5,5,5
4408,LMB,Lake Snowden_2013,401,940,6,10,5,7,7,7
4409,LMB,Lake Snowden_2013,351,506,6,5,6,8,8,8
4410,LMB,Lake Snowden_2013,113,16,1,1,1,1,1,1
4411,LMB,Lake Snowden_2013,122,24,1,1,1,1,1,1
4412,LMB,Lake Snowden_2013,282,246,5,4,3,4,4,4
4413,LMB,Lake Snowden_2013,206,116,3,4,2,3,3,3
4415,LMB,Lake Snowden_2013,288,278,5,5,3,5,5,5
4416,LMB,Lake Snowden_2013,210,106,2,2,3,2,2,2
4417,LMB,Lake Snowden_2013,201,98,2,2,2,1,2,2
4418,LMB,Lake Snowden_2013,346,496,5,4,6,4,4,3
4419,LMB,Lake Snowden_2013,239,168,3,3,4,2,2,2
4420,LMB,Lake Snowden_2013,173,60,2,2,2,2,2,2
4421,LMB,Lake Snowden_2013,194,72,2,2,2,2,2,2
4422,LMB,Lake Snowden_2013,202,86,2,2,2,2,2,2
4423,LMB,Lake Snowden_2013,294,290,4,5,3,4,4,4
4424,LMB,Lake Snowden_2013,263,206,3,3,3,3,3,3
4425,LMB,Lake Snowden_2013,248,150,3,3,3,3,3,3
4426,LMB,Lake Snowden_2013,261,196,3,3,2,3,3,3
4427,LMB,Lake Snowden_2013,262,222,2,2,3,3,3,3
4428,LMB,Lake Snowden_2013,300,298,4,3,3,5,4,5
4429,LMB,Lake Snowden_2013,248,172,3,3,3,3,3,3
4430,LMB,Lake Snowden_2013,292,290,4,4,4,4,4,4
4431,LMB,Lake Snowden_2013,216,110,3,2,2,3,3,3
4432,LMB,Lake Snowden_2013,244,162,3,2,3,3,3,3
4433,LMB,Lake Snowden_2013,254,210,2,3,3,3,3,3
4434,LMB,Lake Snowden_2013,436,1076,6,6,4,8,8,8
4435,LMB,Lake Snowden_2013,304,328,3,5,4,5,5,5
4436,LMB,Lake Snowden_2013,257,182,3,3,2,3,3,3
4437,LMB,Lake Snowden_2013,223,132,2,2,2,3,3,3
4438,LMB,Lake Snowden_2013,236,146,3,3,2,3,3,3
4439,LMB,Lake Snowden_2013,293,328,5,5,5,5,5,5
4440,LMB,Lake Snowden_2013,212,106,2,2,1,3,2,2
4441,LMB,Lake Snowden_2013,237,146,2,2,2,2,2,2
4442,LMB,Lake Snowden_2013,301,288,5,2,2,7,7,7
4443,LMB,Lake Snowden_2013,282,268,3,3,3,3,3,3
4444,LMB,Lake Snowden_2013,396,882,7,7,8,7,8,8
4445,LMB,Lake Snowden_2013,494,1794,9,7,8,8,9,8
4446,LMB,Lake Snowden_2013,259,162,3,3,3,3,3,3
4447,LMB,Lake Snowden_2013,274,230,4,3,2,5,5,5
4448,LMB,Lake Snowden_2013,271,216,4,2,3,3,3,3
4449,LMB,Lake Snowden_2013,273,222,3,2,3,3,3,3
4350,LMB,Lake Snowden_2013,82,6,1,1,1,1,1,1
4351,LMB,Lake Snowden_2013,337,436,NA,NA,NA,8,7,8
4352,LMB,Lake Snowden_2013,167,58,2,2,1,2,2,2
4353,LMB,Lake Snowden_2013,176,62,2,1,1,2,2,2
4575,LMB,Tycoon_2013,341,455,5,5,4,4,4,4
4576,LMB,Tycoon_2013,265,233,3,2,3,2,2,2
4577,LMB,Tycoon_2013,358,555,4,4,3,6,5,5
4578,LMB,Tycoon_2013,327,444,3,4,3,3,3,3
4579,LMB,Tycoon_2013,310,340,4,3,3,3,3,3
4580,LMB,Tycoon_2013,301,308,3,3,3,3,3,3
4581,LMB,Tycoon_2013,280,239,3,3,3,3,3,3
4582,LMB,Tycoon_2013,296,311,4,3,3,3,3,3
4583,LMB,Tycoon_2013,302,314,3,3,3,3,3,3
4584,LMB,Tycoon_2013,356,518,6,4,2,5,5,5
4585,LMB,Tycoon_2013,262,224,3,2,2,2,2,2
4586,LMB,Tycoon_2013,185,74,2,1,1,1,1,1
4587,LMB,Tycoon_2013,307,353,3,3,3,3,3,3
4588,LMB,Tycoon_2013,334,431,4,4,3,5,5,5
4589,LMB,Tycoon_2013,338,497,4,4,4,5,4,4
4590,LMB,Tycoon_2013,329,394,4,4,3,4,4,4
4591,LMB,Tycoon_2013,274,242,3,2,2,2,2,2
4592,LMB,Tycoon_2013,363,577,5,4,3,5,5,5
4593,LMB,Tycoon_2013,352,510,5,4,4,4,4,4
4594,LMB,Tycoon_2013,345,458,4,5,3,6,5,5
4595,LMB,Tycoon_2013,390,690,5,5,4,6,6,6
4596,LMB,Tycoon_2013,298,351,4,3,3,3,3,3
4597,LMB,Tycoon_2013,298,340,3,3,3,3,3,3
4598,LMB,Tycoon_2013,236,163,3,3,3,2,2,2
4599,LMB,Tycoon_2013,312,361,4,4,3,3,4,3
4642,LMB,Tycoon_2013,107,11,1,1,1,1,1,1
4643,LMB,Tycoon_2013,197,86,2,2,2,1,1,1
4644,LMB,Tycoon_2013,403,861,5,7,5,6,6,6
4646,LMB,Tycoon_2013,380,821,5,10,4,12,14,13
4647,LMB,Tycoon_2013,382,710,6,8,5,8,8,8
4648,LMB,Tycoon_2013,152,37,2,1,1,1,1,1
4649,LMB,Tycoon_2013,405,1047,5,6,6,6,6,6
4651,LMB,Tycoon_2013,175,60,1,1,1,1,1,2
4652,LMB,Tycoon_2013,187,74,2,1,1,1,1,1
4653,LMB,Tycoon_2013,196,81,2,1,1,1,1,1
4654,LMB,Tycoon_2013,256,182,3,2,3,2,2,2
4655,LMB,Tycoon_2013,198,92,2,1,1,1,1,1
4656,LMB,Tycoon_2013,391,733,6,8,6,8,9,9
4657,LMB,Tycoon_2013,402,740,7,NA,10,9,10,10
4658,LMB,Tycoon_2013,398,589,5,7,5,6,6,6
4659,LMB,Tycoon_2013,364,589,5,6,3,6,6,6
4660,LMB,Tycoon_2013,216,124,3,3,2,2,2,2
4661,LMB,Tycoon_2013,286,264,3,3,3,3,3,3
4662,LMB,Tycoon_2013,440,1105,7,10,6,9,11,11
4663,LMB,Tycoon_2013,289,250,5,5,3,5,6,5
4664,LMB,Tycoon_2013,249,180,3,2,2,2,2,2
4665,LMB,Tycoon_2013,322,408,4,3,3,3,3,3
4666,LMB,Tycoon_2013,362,614,5,6,4,6,6,6
4667,LMB,Tycoon_2013,311,362,3,4,3,3,3,3
4668,LMB,Tycoon_2013,411,786,5,6,5,7,7,7
4669,LMB,Tycoon_2013,165,42,1,1,1,1,1,1
4670,LMB,Tycoon_2013,276,244,2,2,2,2,2,2
4671,LMB,Tycoon_2013,333,422,6,4,5,4,4,3
4672,LMB,Tycoon_2013,276,249,3,2,3,2,2,2
4673,LMB,Tycoon_2013,343,415,4,4,6,5,5,5
4674,LMB,Tycoon_2013,264,190,3,2,3,2,2,2
4900,LMB,Tycoon_2013,377,686,5,6,4,6,6,6
4901,LMB,Tycoon_2013,155,42,1,1,1,1,1,1
4902,LMB,Tycoon_2013,138,28,1,1,1,1,1,1
4903,LMB,Tycoon_2013,143,31,1,1,1,1,1,1
4904,LMB,Tycoon_2013,421,958,5,5,12,6,6,6
4905,LMB,Tycoon_2013,255,175,3,2,3,2,2,2
4906,LMB,Tycoon_2013,113,17,1,1,1,1,1,1
4907,LMB,Tycoon_2013,374,611,3,6,4,7,7,7
4908,LMB,Tycoon_2013,258,201,2,2,3,2,2,2
4909,LMB,Tycoon_2013,141,27,2,1,1,1,1,1
4910,LMB,Tycoon_2013,243,150,3,2,4,2,2,2
4911,LMB,Tycoon_2013,165,54,2,1,1,1,1,1
4912,LMB,Tycoon_2013,185,74,2,1,2,1,1,1
4913,LMB,Tycoon_2013,179,58,2,1,1,1,1,1
4914,LMB,Tycoon_2013,162,50,1,1,1,1,1,1
4915,LMB,Tycoon_2013,422,985,6,9,12,8,9,9
4916,LMB,Tycoon_2013,380,661,4,6,5,6,6,6
4917,LMB,Tycoon_2013,175,56,2,1,1,1,1,1
4918,LMB,Tycoon_2013,431,920,5,6,5,7,7,7
4919,LMB,Tycoon_2013,118,14,1,1,1,1,1,1
4920,LMB,Tycoon_2013,152,35,1,1,1,1,1,1
4921,LMB,Tycoon_2013,496,1654,6,8,8,8,8,8
4922,LMB,Tycoon_2013,131,15,1,1,1,1,1,1
4923,LMB,Tycoon_2013,142,28,1,1,1,1,1,1
4924,LMB,Tycoon_2013,131,24,1,1,1,1,1,1
4637,LMB,Tycoon_2013,109,9,1,1,1,1,1,1
4638,LMB,Tycoon_2013,560,2643,8,10,12,13,13,13
4639,LMB,Tycoon_2013,352,1253,7,9,8,8,9,9
4640,LMB,Tycoon_2013,496,1395,7,11,7,10,11,11
4641,LMB,Tycoon_2013,373,658,5,8,5,6,5,5
4269,LMB,Wolf Run_2014,396,735,6,6,5,6,6,6
4270,LMB,Wolf Run_2014,339,513,4,4,5,4,4,4
4271,LMB,Wolf Run_2014,300,342,2,3,3,3,3,3
4272,LMB,Wolf Run_2014,362,628,4,4,6,5,5,5
4273,LMB,Wolf Run_2014,365,617,5,6,6,6,6,6
4274,LMB,Wolf Run_2014,235,136,2,2,2,2,2,2
4675,LMB,Wolf Run_2014,377,676,7,6,5,5,5,5
4676,LMB,Wolf Run_2014,342,520,5,5,5,5,5,5
4825,LMB,Wolf Run_2014,342,537,5,5,6,5,5,6
4826,LMB,Wolf Run_2014,281,309,3,4,3,5,5,5
4827,LMB,Wolf Run_2014,357,564,5,5,6,5,5,5
4828,LMB,Wolf Run_2014,346,444,5,5,6,5,5,5
4830,LMB,Wolf Run_2014,297,315,4,4,3,3,3,3
4831,LMB,Wolf Run_2014,282,255,2,3,3,3,3,3
4832,LMB,Wolf Run_2014,413,856,8,6,7,7,7,7
4833,LMB,Wolf Run_2014,325,417,4,3,3,3,3,3
4834,LMB,Wolf Run_2014,292,277,4,3,3,3,3,3
4835,LMB,Wolf Run_2014,292,302,3,3,3,3,3,3
4836,LMB,Wolf Run_2014,229,122,2,2,2,2,3,2
4838,LMB,Wolf Run_2014,383,813,7,5,6,6,6,6
4839,LMB,Wolf Run_2014,541,2565,11,10,10,13,13,13
4840,LMB,Wolf Run_2014,273,233,2,3,2,3,3,3
4841,LMB,Wolf Run_2014,305,335,3,3,2,3,3,3
4842,LMB,Wolf Run_2014,429,1023,6,6,6,7,7,7
4843,LMB,Wolf Run_2014,396,710,5,6,7,7,7,7
4844,LMB,Wolf Run_2014,382,696,6,5,7,5,5,5
4845,LMB,Wolf Run_2014,350,600,5,5,7,6,6,6
4846,LMB,Wolf Run_2014,366,583,6,4,5,5,5,5
4847,LMB,Wolf Run_2014,307,347,4,3,5,3,3,3
4848,LMB,Wolf Run_2014,266,219,2,3,4,3,3,3
4850,LMB,Wolf Run_2014,246,165,2,2,3,2,2,2
4851,LMB,Wolf Run_2014,316,421,5,4,4,4,4,4
4852,LMB,Wolf Run_2014,337,505,3,4,6,4,4,4
4853,LMB,Wolf Run_2014,371,709,6,6,7,5,6,6
4854,LMB,Wolf Run_2014,238,158,2,2,2,2,2,2
4855,LMB,Wolf Run_2014,249,182,2,2,2,2,2,2
4856,LMB,Wolf Run_2014,313,381,3,4,3,4,4,4
4857,LMB,Wolf Run_2014,253,178,2,2,2,2,2,2
4858,LMB,Wolf Run_2014,284,255,2,3,3,3,3,3
4859,LMB,Wolf Run_2014,285,270,4,3,3,3,3,3
4860,LMB,Wolf Run_2014,206,93,2,2,2,2,2,2
4861,LMB,Wolf Run_2014,238,155,3,2,2,2,2,2
4862,LMB,Wolf Run_2014,465,1435,7,9,11,11,11,11
4863,LMB,Wolf Run_2014,254,202,2,2,2,2,2,2
4864,LMB,Wolf Run_2014,416,964,7,5,6,6,6,6
4865,LMB,Wolf Run_2014,221,115,2,2,2,2,2,2
4866,LMB,Wolf Run_2014,315,405,3,3,4,3,3,3
4867,LMB,Wolf Run_2014,247,178,3,3,4,3,3,3
4868,LMB,Wolf Run_2014,206,96,2,2,2,2,2,2
4869,LMB,Wolf Run_2014,141,24,1,1,1,1,1,1
4870,LMB,Wolf Run_2014,106,10,1,1,1,1,1,1
4871,LMB,Wolf Run_2014,130,24,1,1,1,1,1,1
4872,LMB,Wolf Run_2014,268,209,3,3,3,3,3,3
4875,LMB,Wolf Run_2014,386,768,5,5,5,8,8,8
4876,LMB,Wolf Run_2014,217,110,2,2,2,2,2,2
4877,LMB,Wolf Run_2014,213,129,2,2,2,2,2,2
4879,LMB,Wolf Run_2014,399,814,6,4,5,7,7,7
4880,LMB,Wolf Run_2014,536,2296,13,13,11,11,11,11
4881,LMB,Wolf Run_2014,217,109,2,2,2,2,2,2
4882,LMB,Wolf Run_2014,442,1072,8,6,7,11,11,11
4883,LMB,Wolf Run_2014,323,422,4,3,4,3,3,3
4884,LMB,Wolf Run_2014,375,715,6,5,8,6,6,6
4885,LMB,Wolf Run_2014,351,535,5,5,6,5,5,5
4886,LMB,Wolf Run_2014,262,188,3,2,2,2,2,2
4887,LMB,Wolf Run_2014,129,21,1,1,1,1,1,1
4888,LMB,Wolf Run_2014,141,27,1,1,1,1,1,1
4889,LMB,Wolf Run_2014,255,192,3,2,3,2,2,2
4890,LMB,Wolf Run_2014,121,16,1,1,1,1,1,1
4891,LMB,Wolf Run_2014,162,40,2,1,1,1,1,1
4893,LMB,Wolf Run_2014,110,12,1,1,1,1,1,1
4894,LMB,Wolf Run_2014,332,471,4,4,5,5,5,4
4895,LMB,Wolf Run_2014,105,10,1,1,1,1,1,1
4897,LMB,Wolf Run_2014,324,409,4,3,6,3,3,3
5000,LMB,Acton_2013,295,327,4,4,1,4,3,3
5001,LMB,Acton_2013,368,727,6,6,7,5,6,5
5002,LMB,Acton_2013,384,903,5,5,6,5,4,3
5003,LMB,Acton_2013,326,497,5,4,6,5,4,5
5004,LMB,Acton_2013,337,485,4,3,6,3,3,3
5005,LMB,Acton_2013,247,257,3,3,4,3,3,3
5006,LMB,Acton_2013,248,198,2,3,2,2,2,2
5007,LMB,Acton_2013,251,187,2,2,2,2,2,2
5009,LMB,Acton_2013,150,36,1,1,1,1,1,1
5010,LMB,Acton_2013,310,405,3,3,2,3,3,3
5011,LMB,Acton_2013,392,777,6,5,4,5,5,5
5012,LMB,Acton_2013,309,444,4,4,4,4,3,2
5013,LMB,Acton_2013,280,280,2,2,3,2,2,2
5014,LMB,Acton_2013,238,150,2,2,3,2,2,2
5015,LMB,Acton_2013,337,500,4,4,5,4,3,3
5016,LMB,Acton_2013,317,386,4,3,4,3,3,3
5017,LMB,Acton_2013,374,770,5,5,5,5,4,6
5018,LMB,Acton_2013,283,268,2,2,4,2,3,3
5019,LMB,Acton_2013,447,1392,8,7,8,9,10,12
5020,LMB,Acton_2013,369,712,6,6,6,5,5,5
5021,LMB,Acton_2013,243,159,2,2,2,2,2,2
5022,LMB,Acton_2013,335,457,3,3,2,3,3,2
5023,LMB,Acton_2013,310,441,3,3,3,3,3,4
5024,LMB,Acton_2013,250,184,2,2,3,2,2,2
5026,LMB,Acton_2013,326,509,3,3,4,3,3,2
5027,LMB,Acton_2013,290,333,3,3,3,3,3,3
5028,LMB,Acton_2013,267,240,3,3,3,2,2,2
5029,LMB,Acton_2013,202,95,2,2,2,2,2,2
5030,LMB,Acton_2013,185,82,1,1,1,1,1,1
5031,LMB,Acton_2013,142,30,1,1,1,1,1,1
5033,LMB,Acton_2013,162,42,1,1,1,1,1,1
5034,LMB,Acton_2013,151,33,1,1,1,1,1,1
5035,LMB,Acton_2013,120,16,1,1,1,1,1,1
5036,LMB,Acton_2013,435,1236,6,6,10,6,6,8
5037,LMB,Acton_2013,403,895,6,4,8,6,5,6
5038,LMB,Acton_2013,284,308,3,3,2,3,3,3
5039,LMB,Acton_2013,217,124,2,2,2,2,2,2
5040,LMB,Acton_2013,161,40,1,1,1,1,1,1
5042,LMB,Acton_2013,148,32,1,1,1,1,1,1
5044,LMB,Acton_2013,358,627,5,4,6,5,3,5
5045,LMB,Acton_2013,135,26,1,1,1,1,1,1
5046,LMB,Acton_2013,450,1423,7,6,8,6,8,7
5047,LMB,Acton_2013,341,490,4,3,2,4,4,4
5048,LMB,Acton_2013,305,387,3,3,2,2,2,2
5049,LMB,Acton_2013,388,704,5,4,5,5,3,6
5050,LMB,Acton_2013,354,546,3,3,3,3,4,5
5052,LMB,Acton_2013,355,626,4,4,3,4,4,4
5053,LMB,Acton_2013,324,451,4,3,3,3,3,3
5054,LMB,Acton_2013,278,276,2,2,2,2,2,2
5057,LMB,Acton_2013,458,1501,6,6,9,6,6,7
5058,LMB,Acton_2013,433,1141,5,5,8,5,4,7
5060,LMB,Acton_2013,260,206,2,2,2,2,2,2
5061,LMB,Acton_2013,278,295,3,3,3,2,2,2
5062,LMB,Acton_2013,290,317,2,2,2,2,2,2
5063,LMB,Acton_2013,365,690,5,3,4,4,3,4
5065,LMB,Acton_2013,301,358,4,3,4,3,3,3
5066,LMB,Acton_2013,346,599,4,4,4,4,4,4
5068,LMB,Acton_2013,378,738,4,4,4,4,4,5
5069,LMB,Acton_2013,451,1590,7,7,10,5,2,NA
5070,LMB,Acton_2013,321,423,4,3,4,3,3,3
5071,LMB,Acton_2013,348,497,4,4,3,4,3,3
5072,LMB,Acton_2013,223,116,1,2,1,2,2,2
5073,LMB,Acton_2013,235,160,2,2,1,2,2,2
5074,LMB,Acton_2013,236,158,2,2,1,2,2,2
5075,LMB,Acton_2013,382,938,5,5,6,5,5,5
5076,LMB,Acton_2013,208,106,1,1,1,1,2,2
5077,LMB,Acton_2013,415,1116,5,5,6,7,6,8
5078,LMB,Acton_2013,373,759,5,4,4,4,4,4
5079,LMB,Acton_2013,267,221,2,2,2,2,2,3
5080,LMB,Acton_2013,399,828,6,5,6,5,4,5
5081,LMB,Acton_2013,234,153,2,2,1,2,2,2
5082,LMB,Acton_2013,258,206,2,2,1,2,2,3
5084,LMB,Acton_2013,406,908,6,4,4,5,5,6
5085,LMB,Acton_2013,409,992,6,5,5,5,6,6
5087,LMB,Acton_2013,461,1420,7,6,7,8,5,8
5088,LMB,Acton_2013,397,946,5,4,6,5,5,5
5089,LMB,Acton_2013,192,73,1,1,1,1,2,2
5090,LMB,Acton_2013,414,1017,5,5,5,4,6,8
5091,LMB,Acton_2013,244,190,2,2,1,2,2,2
5093,LMB,Acton_2013,446,1365,6,6,6,6,3,3
5094,LMB,Acton_2013,190,75,1,1,1,1,1,1
5095,LMB,Acton_2013,439,1200,5,5,4,5,7,8
5096,LMB,Acton_2013,401,865,5,5,4,5,4,7
5097,LMB,Acton_2013,427,1070,5,5,5,5,5,7
5098,LMB,Acton_2013,216,128,2,2,1,2,2,2
5099,LMB,Acton_2013,178,55,1,1,1,1,1,1
5100,LMB,Acton_2013,466,1429,6,5,8,7,8,8
5101,LMB,Acton_2013,427,1052,5,5,6,4,4,6
5102,LMB,Acton_2013,163,44,1,1,1,1,1,1
5103,LMB,Acton_2013,413,1145,5,4,4,4,4,4
5104,LMB,Acton_2013,157,43,1,1,1,1,NA,NA
5105,LMB,Acton_2013,514,2054,8,7,9,8,9,10
5106,LMB,Acton_2013,460,1766,5,5,5,5,5,6
5107,LMB,Acton_2013,517,2355,7,7,5,10,8,9
5108,LMB,Acton_2013,449,1407,6,5,4,5,7,5
5109,LMB,Acton_2013,501,1919,5,5,5,5,7,7
5110,LMB,Acton_2013,426,1089,5,6,6,5,5,5
5111,LMB,Acton_2013,180,68,1,1,1,1,1,1
5112,LMB,Acton_2013,178,54,1,1,1,1,1,1
5113,LMB,Acton_2013,144,26,1,1,1,1,1,1
5114,LMB,Acton_2013,498,1858,7,7,12,6,6,11
5115,LMB,Acton_2013,483,1684,6,6,8,6,9,14
5116,LMB,Acton_2013,476,1764,7,6,12,6,7,8
5117,LMB,Acton_2013,507,2135,7,7,6,6,8,9
5118,LMB,Acton_2013,471,1816,7,7,10,7,8,8
5119,LMB,Acton_2013,494,1989,6,6,6,5,4,8
5120,LMB,Acton_2013,529,2163,6,6,8,6,8,8
5121,LMB,Acton_2013,217,118,1,1,1,2,2,2
5122,LMB,Acton_2013,428,1499,6,7,9,7,4,6
5123,LMB,Acton_2013,485,1735,7,6,6,7,8,9
5124,LMB,Acton_2013,178,57,1,1,1,1,1,NA
5125,LMB,Acton_2013,512,1791,7,5,7,7,7,10
5150,LMB,Acton_2014,417,1124,5,5,8,6,5,5
5151,LMB,Acton_2014,320,430,3,3,3,3,3,3
5153,LMB,Acton_2014,276,217,2,3,3,3,3,3
5154,LMB,Acton_2014,374,825,4,5,4,4,4,3
5155,LMB,Acton_2014,408,1061,4,5,5,5,5,5
5157,LMB,Acton_2014,285,267,2,3,3,3,3,2
5159,LMB,Acton_2014,266,256,2,2,4,2,2,2
5161,LMB,Acton_2014,419,1224,6,5,5,4,5,5
5162,LMB,Acton_2014,293,280,2,3,3,3,2,2
5163,LMB,Acton_2014,422,1124,5,5,5,5,5,4
5164,LMB,Acton_2014,254,180,2,3,4,1,2,3
5165,LMB,Acton_2014,243,169,1,2,2,2,2,2
5166,LMB,Acton_2014,401,1066,5,7,5,6,5,6
5167,LMB,Acton_2014,237,131,2,2,2,2,1,2
5169,LMB,Acton_2014,281,265,2,NA,2,3,3,3
5170,LMB,Acton_2014,345,584,5,6,5,5,5,5
5171,LMB,Acton_2014,278,259,2,4,2,2,2,2
5172,LMB,Acton_2014,345,564,4,4,3,3,4,3
5174,LMB,Acton_2014,304,294,2,3,3,3,3,3
5175,LMB,Acton_2014,451,1126,5,7,7,7,6,7
5176,LMB,Acton_2014,357,630,4,6,4,4,3,3
5177,LMB,Acton_2014,361,655,4,5,4,5,5,5
5178,LMB,Acton_2014,389,769,4,5,6,4,4,4
5179,LMB,Acton_2014,334,479,4,4,NA,5,4,5
5181,LMB,Acton_2014,302,365,3,3,3,3,3,3
5182,LMB,Acton_2014,352,683,3,5,3,2,NA,2
5183,LMB,Acton_2014,338,510,3,5,4,4,4,4
5185,LMB,Acton_2014,339,473,2,5,3,4,4,4
5186,LMB,Acton_2014,211,108,2,2,3,2,2,2
5187,LMB,Acton_2014,228,136,1,2,2,2,2,2
5188,LMB,Acton_2014,459,1417,5,7,7,8,7,8
5197,LMB,Acton_2014,205,106,2,2,2,2,1,2
5198,LMB,Acton_2014,225,128,2,2,2,2,1,2
5199,LMB,Acton_2014,431,1167,NA,7,4,5,5,4
5200,LMB,Acton_2014,475,1478,6,9,6,11,11,11
5203,LMB,Acton_2014,384,858,5,5,4,6,5,8
5204,LMB,Acton_2014,299,382,3,6,3,3,3,3
5205,LMB,Acton_2014,295,266,2,3,3,3,3,3
5206,LMB,Acton_2014,322,362,4,4,5,3,3,3
5207,LMB,Acton_2014,350,602,3,4,5,3,NA,3
5208,LMB,Acton_2014,251,205,2,3,2,2,2,2
5209,LMB,Acton_2014,402,1005,4,5,4,5,5,5
5210,LMB,Acton_2014,225,117,2,2,2,2,2,2
5229,LMB,Acton_2014,309,398,4,3,4,3,4,4
5230,LMB,Acton_2014,270,227,2,2,2,2,2,2
5231,LMB,Acton_2014,266,215,2,2,2,1,NA,2
5232,LMB,Acton_2014,246,170,2,2,3,2,2,3
5234,LMB,Acton_2014,238,157,2,2,2,2,3,2
5236,LMB,Acton_2014,317,NA,3,3,3,3,2,3
5237,LMB,Acton_2014,233,151,2,2,2,2,2,2
5238,LMB,Acton_2014,247,194,2,3,2,2,2,2
5239,LMB,Acton_2014,349,595,2,3,3,3,3,4
5240,LMB,Acton_2014,326,439,3,3,3,3,3,3
5241,LMB,Acton_2014,316,427,3,4,3,3,3,3
5242,LMB,Acton_2014,254,223,2,3,2,2,2,2
5243,LMB,Acton_2014,410,808,5,6,7,8,7,7
5244,LMB,Acton_2014,313,452,4,4,4,4,4,4
5246,LMB,Acton_2014,260,199,2,3,3,2,2,2
5247,LMB,Acton_2014,375,797,5,4,4,6,6,6
5249,LMB,Acton_2014,281,280,3,2,3,3,3,3
5864,LMB,Acton_2014,504,2188,8,7,10,7,8,7
5865,LMB,Acton_2014,155,39,1,1,1,2,1,1
5866,LMB,Acton_2014,495,1826,7,8,8,9,6,7
5867,LMB,Acton_2014,367,727,5,5,7,7,5,5
5868,LMB,Acton_2014,501,2241,9,10,10,13,8,8
5869,LMB,Acton_2014,420,1049,5,7,6,9,5,3
5870,LMB,Acton_2014,176,63,1,1,2,2,1,1
5871,LMB,Acton_2014,163,44,1,1,1,2,1,2
5872,LMB,Acton_2014,434,969,7,5,6,5,8,7
5873,LMB,Acton_2014,444,1164,7,5,7,5,7,7
5874,LMB,Acton_2014,488,1900,7,8,8,7,7,7
5875,LMB,Acton_2014,134,25,1,1,1,2,1,1
5876,LMB,Acton_2014,386,729,5,4,5,4,5,4
5877,LMB,Acton_2014,390,924,4,7,8,7,4,3
5878,LMB,Acton_2014,374,649,5,5,5,4,4,4
5879,LMB,Acton_2014,218,109,1,NA,NA,NA,NA,NA
5880,LMB,Acton_2014,394,967,6,5,7,5,5,5
5881,LMB,Acton_2014,216,115,2,2,2,2,2,2
5883,LMB,Acton_2014,426,1330,8,6,8,5,8,7
5884,LMB,Acton_2014,440,1375,8,8,7,6,8,7
5885,LMB,Acton_2014,392,890,5,5,6,5,4,4
5886,LMB,Acton_2014,452,1422,9,7,8,7,9,8
5887,LMB,Acton_2014,480,1745,7,6,10,6,6,6
5888,LMB,Acton_2014,470,1464,8,6,7,5,8,7
5889,LMB,Acton_2014,442,1420,8,7,8,6,8,7
5890,LMB,Acton_2014,463,1379,13,5,8,9,12,13
5894,LMB,Acton_2014,437,1284,5,6,8,8,5,5
5895,LMB,Acton_2014,465,1939,7,8,8,11,7,7
5898,LMB,Acton_2014,365,628,3,3,5,7,7,7
5900,LMB,Acton_2014,466,1322,7,6,8,9,7,5
5134,LMB,Paint Creek_2014,251,197,2,2,2,2,2,4
5135,LMB,Paint Creek_2014,212,110,1,2,4,2,2,2
5136,LMB,Paint Creek_2014,182,63,1,1,1,1,1,2
5138,LMB,Paint Creek_2014,124,23,1,1,1,1,1,1
5139,LMB,Paint Creek_2014,252,208,2,2,2,2,2,2
5140,LMB,Paint Creek_2014,195,89,1,1,2,1,1,2
5141,LMB,Paint Creek_2014,165,47,1,1,2,1,2,1
5142,LMB,Paint Creek_2014,412,1027,4,4,5,4,4,3
5143,LMB,Paint Creek_2014,142,26,1,1,1,1,1,2
5144,LMB,Paint Creek_2014,210,111,1,1,2,1,1,2
5145,LMB,Paint Creek_2014,156,36,1,1,2,1,1,2
5146,LMB,Paint Creek_2014,170,56,1,1,2,NA,NA,NA
5147,LMB,Paint Creek_2014,190,78,2,2,2,1,2,2
5148,LMB,Paint Creek_2014,160,55,1,1,2,1,1,2
5149,LMB,Paint Creek_2014,177,65,1,1,1,1,2,1
5192,LMB,Paint Creek_2014,292,328,2,3,6,2,2,2
5193,LMB,Paint Creek_2014,383,891,5,4,5,2,4,5
5194,LMB,Paint Creek_2014,345,637,4,4,4,3,4,4
5195,LMB,Paint Creek_2014,391,934,4,4,4,4,4,4
5196,LMB,Paint Creek_2014,339,539,3,5,5,4,3,4
5214,LMB,Paint Creek_2014,285,316,2,2,3,2,2,3
5215,LMB,Paint Creek_2014,293,373,3,3,5,3,3,4
5216,LMB,Paint Creek_2014,347,617,4,4,3,3,3,3
5217,LMB,Paint Creek_2014,337,629,3,3,4,3,3,3
5218,LMB,Paint Creek_2014,351,658,4,4,5,5,4,4
5219,LMB,Paint Creek_2014,401,1069,6,6,5,5,5,5
5220,LMB,Paint Creek_2014,311,462,3,3,5,3,3,3
5221,LMB,Paint Creek_2014,400,1146,3,5,6,4,4,3
5222,LMB,Paint Creek_2014,437,1350,5,6,4,5,5,5
5223,LMB,Paint Creek_2014,368,751,4,5,4,3,4,3
5224,LMB,Paint Creek_2014,383,891,4,4,4,4,4,4
5250,LMB,Paint Creek_2014,101,15,1,1,1,1,1,1
5251,LMB,Paint Creek_2014,314,404,2,3,5,2,2,2
5252,LMB,Paint Creek_2014,423,1273,6,6,8,6,6,6
5253,LMB,Paint Creek_2014,295,344,3,3,5,2,3,2
5254,LMB,Paint Creek_2014,398,940,4,5,4,4,4,4
5256,LMB,Paint Creek_2014,460,1589,6,5,7,5,6,3
5258,LMB,Paint Creek_2014,450,1445,7,6,9,8,7,8
5259,LMB,Paint Creek_2014,409,1324,5,4,6,5,6,4
5260,LMB,Paint Creek_2014,429,1237,6,5,5,5,5,4
5261,LMB,Paint Creek_2014,326,514,2,3,6,2,2,2
5262,LMB,Paint Creek_2014,378,941,4,5,4,4,4,4
5263,LMB,Paint Creek_2014,210,109,1,2,2,1,2,1
5265,LMB,Paint Creek_2014,324,445,3,3,3,3,3,3
5266,LMB,Paint Creek_2014,405,1230,3,5,3,5,5,4
5267,LMB,Paint Creek_2014,432,1197,4,4,4,5,5,4
5268,LMB,Paint Creek_2014,415,1336,4,4,5,5,5,5
5269,LMB,Paint Creek_2014,112,16,1,1,1,1,1,1
5270,LMB,Paint Creek_2014,395,1006,4,5,7,6,6,6
5271,LMB,Paint Creek_2014,284,322,2,2,2,2,2,2
5272,LMB,Paint Creek_2014,158,39,1,1,2,1,2,2
5273,LMB,Paint Creek_2014,200,94,1,1,2,1,1,3
5274,LMB,Paint Creek_2014,204,97,1,1,2,1,2,1
5275,LMB,Paint Creek_2014,310,427,3,3,4,4,4,3
5276,LMB,Paint Creek_2014,368,752,4,3,4,4,4,4
5277,LMB,Paint Creek_2014,285,344,2,2,2,2,2,2
5278,LMB,Paint Creek_2014,343,578,4,4,4,4,4,4
5279,LMB,Paint Creek_2014,336,613,3,4,4,4,3,3
5280,LMB,Paint Creek_2014,365,766,4,5,5,3,4,3
5281,LMB,Paint Creek_2014,181,68,1,2,2,1,2,2
5282,LMB,Paint Creek_2014,425,1134,7,6,7,9,9,9
5283,LMB,Paint Creek_2014,152,41,1,1,1,1,1,2
5284,LMB,Paint Creek_2014,296,370,3,3,3,3,3,3
5285,LMB,Paint Creek_2014,195,81,1,1,2,1,1,2
5286,LMB,Paint Creek_2014,305,421,3,3,4,3,3,3
5287,LMB,Paint Creek_2014,386,851,5,4,3,4,4,5
5288,LMB,Paint Creek_2014,302,433,3,2,3,3,3,3
5289,LMB,Paint Creek_2014,190,78,1,2,2,1,1,3
5290,LMB,Paint Creek_2014,180,66,1,1,1,1,1,2
5291,LMB,Paint Creek_2014,322,470,3,4,4,3,3,4
5292,LMB,Paint Creek_2014,374,684,3,4,3,4,4,4
5293,LMB,Paint Creek_2014,431,1458,5,5,6,6,6,5
5294,LMB,Paint Creek_2014,357,683,NA,NA,3,4,3,4
5296,LMB,Paint Creek_2014,96,13,1,1,1,1,1,1
5297,LMB,Paint Creek_2014,157,42,1,1,1,1,1,2
5298,LMB,Paint Creek_2014,354,678,4,4,4,4,5,4
5299,LMB,Paint Creek_2014,275,263,2,2,3,2,2,4
5128,LMB,Paint Creek_2014,137,26,1,1,1,1,1,1
5129,LMB,Paint Creek_2014,248,176,2,2,3,2,2,2
5130,LMB,Paint Creek_2014,269,246,2,2,4,2,2,2
5131,LMB,Paint Creek_2014,375,733,4,4,4,3,3,3
5132,LMB,Paint Creek_2014,278,256,2,2,2,2,2,2
5133,LMB,Paint Creek_2014,303,350,2,2,3,2,2,2
5672,LMB,Paint Creek_2014,242,169,2,1,3,2,2,1
5673,LMB,Paint Creek_2014,105,12,1,1,1,1,1,1
5674,LMB,Paint Creek_2014,467,1875,7,5,7,6,6,6
5675,LMB,Paint Creek_2014,231,139,1,2,2,2,2,2
5676,LMB,Paint Creek_2014,170,63,1,1,1,1,2,1
5677,LMB,Paint Creek_2014,231,150,1,2,1,1,1,3
5679,LMB,Paint Creek_2014,418,1021,4,5,5,5,4,3
5680,LMB,Paint Creek_2014,274,276,2,3,4,2,2,2
5681,LMB,Paint Creek_2014,315,407,3,2,4,3,2,3
5682,LMB,Paint Creek_2014,256,212,2,3,4,2,2,2
5683,LMB,Paint Creek_2014,275,272,2,3,2,2,2,2
5684,LMB,Paint Creek_2014,149,37,1,1,2,1,1,2
5685,LMB,Paint Creek_2014,226,153,1,2,2,1,2,2
5686,LMB,Paint Creek_2014,260,212,2,1,3,1,2,2
5687,LMB,Paint Creek_2014,450,1422,6,6,6,6,7,6
5688,LMB,Paint Creek_2014,452,1384,6,6,8,10,9,9
5689,LMB,Paint Creek_2014,245,181,2,2,2,2,2,2
5690,LMB,Paint Creek_2014,143,29,1,1,2,1,1,2
5691,LMB,Paint Creek_2014,139,27,1,1,1,1,1,1
5692,LMB,Paint Creek_2014,124,17,1,1,1,1,1,1
5693,LMB,Paint Creek_2014,125,19,1,1,1,1,1,1
5694,LMB,Paint Creek_2014,265,225,1,2,2,2,2,2
5695,LMB,Paint Creek_2014,131,26,1,1,1,1,1,1
5696,LMB,Paint Creek_2014,126,19,1,1,2,1,1,1
5697,LMB,Paint Creek_2014,146,33,1,1,2,1,1,1
5698,LMB,Paint Creek_2014,130,23,1,1,1,1,1,2
5699,LMB,Paint Creek_2014,462,1418,6,5,4,4,6,4
5700,LMB,Paint Creek_2014,224,145,1,2,2,1,1,2
5669,LMB,Paint Creek_2014,101,10,1,1,1,1,1,1
5670,LMB,Paint Creek_2014,90,8,1,1,1,1,1,1
5671,LMB,Paint Creek_2014,90,8,1,1,1,1,1,1
2343,LMB,82013_2014,270,246,2,3,2,2,2,2
2344,LMB,82013_2014,375,698,6,7,4,4,4,4
2345,LMB,82013_2014,271,235,2,4,2,2,2,2
2346,LMB,82013_2014,329,490,3,4,4,3,3,3
2347,LMB,82013_2014,157,45,1,1,2,1,1,1
2348,LMB,82013_2014,401,880,7,7,5,5,5,6
2349,LMB,82013_2014,326,478,3,4,5,3,3,3
2350,LMB,82013_2014,376,680,4,5,4,4,4,4
2351,LMB,82013_2014,390,842,5,5,6,5,5,5
2352,LMB,82013_2014,364,622,3,6,4,7,7,7
2353,LMB,82013_2014,296,365,4,7,3,3,3,3
2354,LMB,82013_2014,387,813,4,5,5,4,4,4
2355,LMB,82013_2014,248,192,2,3,2,2,2,2
2356,LMB,82013_2014,365,730,5,5,5,4,4,5
2358,LMB,82013_2014,374,744,5,6,4,5,5,5
2359,LMB,82013_2014,390,855,6,6,5,5,5,5
2360,LMB,82013_2014,349,589,3,5,3,3,3,3
2361,LMB,82013_2014,402,844,4,5,7,7,7,7
2362,LMB,82013_2014,333,500,3,4,3,3,3,3
2363,LMB,82013_2014,385,845,6,6,6,5,5,5
2364,LMB,82013_2014,328,480,4,4,5,3,3,3
2365,LMB,82013_2014,360,712,3,6,7,4,4,4
2366,LMB,82013_2014,408,935,9,8,9,4,5,5
2367,LMB,82013_2014,356,570,NA,NA,5,4,4,4
2368,LMB,82013_2014,253,200,2,3,2,2,2,2
2369,LMB,82013_2014,239,185,2,3,2,2,2,2
2370,LMB,82013_2014,345,556,4,5,4,4,4,4
2371,LMB,82013_2014,250,194,2,3,2,2,2,2
2372,LMB,82013_2014,168,65,1,1,2,1,1,1
2373,LMB,82013_2014,252,190,2,2,2,2,2,2
2374,LMB,82013_2014,278,252,2,4,2,2,2,2
2375,LMB,82013_2014,261,223,2,2,3,2,2,2
2376,LMB,82013_2014,446,1299,9,9,9,7,7,7
2377,LMB,82013_2014,311,421,3,4,4,4,4,4
2379,LMB,82013_2014,502,1928,9,8,9,9,9,9
2381,LMB,82013_2014,380,828,7,9,5,6,6,6
2382,LMB,82013_2014,290,309,2,3,4,2,2,2
2383,LMB,82013_2014,342,532,3,4,4,3,3,3
2384,LMB,82013_2014,265,248,3,5,3,3,3,3
2387,LMB,82013_2014,525,2409,9,9,9,9,9,9
2388,LMB,82013_2014,183,74,1,1,2,1,1,1
2389,LMB,82013_2014,292,314,2,2,4,2,2,2
2390,LMB,82013_2014,397,834,7,7,5,5,5,5
2391,LMB,82013_2014,330,416,3,3,3,3,3,3
2392,LMB,82013_2014,492,1932,9,9,10,9,9,9
2393,LMB,82013_2014,286,242,2,4,2,3,3,3
2394,LMB,82013_2014,226,129,NA,NA,2,2,2,2
2395,LMB,82013_2014,357,582,5,5,4,4,4,4
2396,LMB,82013_2014,468,1391,5,5,7,9,9,9
2397,LMB,82013_2014,318,413,3,4,3,3,3,3
2398,LMB,82013_2014,351,557,4,5,4,4,4,4
2399,LMB,82013_2014,318,385,3,4,3,3,3,3
2458,LMB,82013_2014,246,201,NA,NA,2,2,2,2
2459,LMB,82013_2014,304,387,3,4,4,3,3,3
2460,LMB,82013_2014,301,347,3,3,3,3,3,3
2461,LMB,82013_2014,463,1563,6,6,7,9,9,9
2462,LMB,82013_2014,336,508,3,4,4,3,3,3
2464,LMB,82013_2014,283,270,2,3,2,2,2,2
2465,LMB,82013_2014,451,1227,7,6,9,6,6,6
2466,LMB,82013_2014,284,217,2,3,2,2,2,2
2467,LMB,82013_2014,451,1493,7,7,9,6,6,6
2468,LMB,82013_2014,426,966,6,6,6,6,6,7
2469,LMB,82013_2014,422,1105,NA,NA,5,6,6,6
2470,LMB,82013_2014,303,349,NA,NA,3,3,3,3
2475,LMB,82013_2014,456,1242,NA,NA,6,7,7,7
2476,LMB,82013_2014,494,1862,NA,NA,9,7,7,7
2477,LMB,82013_2014,426,862,NA,NA,4,9,9,9
2478,LMB,82013_2014,508,2177,NA,NA,9,9,9,9
2479,LMB,82013_2014,481,1656,9,7,9,7,7,8
2480,LMB,82013_2014,126,29,1,1,2,1,1,1
2481,LMB,82013_2014,243,174,2,3,3,2,2,2
2482,LMB,82013_2014,435,1111,6,6,6,5,5,5
2483,LMB,82013_2014,475,1260,4,6,9,9,9,9
2484,LMB,82013_2014,143,32,1,1,2,1,1,1
2485,LMB,82013_2014,176,71,1,1,2,1,1,1
2486,LMB,82013_2014,103,12,1,1,1,1,1,1
2487,LMB,82013_2014,121,20,5,6,1,1,1,1
2488,LMB,82013_2014,153,47,3,5,2,1,1,1
2489,LMB,82013_2014,134,32,6,6,1,1,1,1
2490,LMB,82013_2014,160,57,8,8,2,1,1,1
2491,LMB,82013_2014,139,35,4,6,2,1,1,2
2492,LMB,82013_2014,177,62,5,7,2,1,1,1
